-- phpMyAdmin SQL Dump
-- version 4.0.10deb1
-- http://www.phpmyadmin.net
--
-- Host: 127.0.0.1
-- Generation Time: Jan 19, 2015 at 10:42 PM
-- Server version: 5.5.40-0ubuntu0.14.04.1
-- PHP Version: 5.5.9-1ubuntu4.5

SET FOREIGN_KEY_CHECKS=0;
SET SQL_MODE = "NO_AUTO_VALUE_ON_ZERO";
SET time_zone = "+00:00";


/*!40101 SET @OLD_CHARACTER_SET_CLIENT=@@CHARACTER_SET_CLIENT */;
/*!40101 SET @OLD_CHARACTER_SET_RESULTS=@@CHARACTER_SET_RESULTS */;
/*!40101 SET @OLD_COLLATION_CONNECTION=@@COLLATION_CONNECTION */;
/*!40101 SET NAMES utf8 */;

--
-- Database: `widgets`
--
CREATE DATABASE IF NOT EXISTS `widgets` DEFAULT CHARACTER SET utf8mb4 COLLATE utf8mb4_bin;
USE `widgets`;

-- --------------------------------------------------------

--
-- Table structure for table `changelog`
--
-- Creation: Jan 01, 2015 at 10:51 PM
--

DROP TABLE IF EXISTS `changelog`;
CREATE TABLE IF NOT EXISTS `changelog` (
  `change_number` bigint(20) NOT NULL,
  `delta_set` varchar(10) COLLATE utf8mb4_bin NOT NULL,
  `start_dt` timestamp NOT NULL DEFAULT CURRENT_TIMESTAMP ON UPDATE CURRENT_TIMESTAMP,
  `complete_dt` timestamp NULL DEFAULT NULL,
  `applied_by` varchar(100) COLLATE utf8mb4_bin NOT NULL,
  `description` varchar(500) COLLATE utf8mb4_bin NOT NULL,
  PRIMARY KEY (`change_number`,`delta_set`)
) ENGINE=InnoDB DEFAULT CHARSET=utf8mb4 COLLATE=utf8mb4_bin;

--
-- Dumping data for table `changelog`
--

INSERT INTO `changelog` (`change_number`, `delta_set`, `start_dt`, `complete_dt`, `applied_by`, `description`) VALUES
(1, 'Main', '2015-01-20 04:31:12', '2015-01-20 04:31:12', 'dbdeploy', '1-create-changelog.sql'),
(2, 'Main', '2015-01-20 04:31:12', '2015-01-20 04:31:12', 'dbdeploy', '2-create-companies.sql'),
(3, 'Main', '2015-01-20 04:31:12', '2015-01-20 04:31:12', 'dbdeploy', '3-create-companyusers.sql'),
(4, 'Main', '2015-01-20 04:31:13', '2015-01-20 04:31:13', 'dbdeploy', '4-create-groups.sql'),
(5, 'Main', '2015-01-20 04:31:13', '2015-01-20 04:31:13', 'dbdeploy', '5-create-customers.sql'),
(6, 'Main', '2015-01-20 04:31:13', '2015-01-20 04:31:13', 'dbdeploy', '6-create-orders.sql'),
(7, 'Main', '2015-01-20 04:31:51', '2015-01-20 04:31:51', 'dbdeploy', '7-companySeeds.sql'),
(8, 'Main', '2015-01-20 04:32:12', '2015-01-20 04:32:12', 'dbdeploy', '8-companyUserSeeds.sql'),
(9, 'Main', '2015-01-20 04:32:26', '2015-01-20 04:32:26', 'dbdeploy', '9-companyGroupSeeds.sql'),
(10, 'Main', '2015-01-20 04:32:27', '2015-01-20 04:32:27', 'dbdeploy', '10-customerSeeds.sql'),
(11, 'Main', '2015-01-20 04:33:19', '2015-01-20 04:33:19', 'dbdeploy', '11-companyOrderSeeds.sql'),
(12, 'Main', '2015-01-20 04:33:20', '2015-01-20 04:33:20', 'dbdeploy', '12-userPermissions.sql');

-- --------------------------------------------------------

--
-- Table structure for table `companies`
--
-- Creation: Jan 20, 2015 at 04:31 AM
--

DROP TABLE IF EXISTS `companies`;
CREATE TABLE IF NOT EXISTS `companies` (
  `id` int(11) NOT NULL AUTO_INCREMENT,
  `name` varchar(45) COLLATE utf8mb4_bin NOT NULL,
  `website` varchar(155) COLLATE utf8mb4_bin DEFAULT NULL,
  `address` varchar(155) COLLATE utf8mb4_bin DEFAULT NULL,
  `city` varchar(155) COLLATE utf8mb4_bin DEFAULT NULL,
  `state` varchar(155) COLLATE utf8mb4_bin DEFAULT NULL,
  `phone` varchar(20) COLLATE utf8mb4_bin DEFAULT NULL,
  PRIMARY KEY (`id`)
) ENGINE=InnoDB  DEFAULT CHARSET=utf8mb4 COLLATE=utf8mb4_bin AUTO_INCREMENT=11 ;

--
-- Dumping data for table `companies`
--

INSERT INTO `companies` (`id`, `name`, `website`, `address`, `city`, `state`, `phone`) VALUES
(1, 'Harris-Herzog', 'Bernhard.com', '675 Ledner Trafficway Suite 188\nFreedahaven, OK 79275', 'South Reggie', 'South Dakota', '0515734424'),
(2, 'Ruecker and Sons', 'Ondricka.info', '0925 Bernier Stravenue Apt. 086\nNorth Scarlettton, FL 04976', 'Hermannbury', 'Kentucky', '3702450679'),
(3, 'Gutkowski LLC', 'Huels.com', '440 Eugene Loop Apt. 160\nGreenfurt, DC 00648', 'Port Meggie', 'Indiana', '4337249878'),
(4, 'Schmitt-Schroeder', 'Hermiston.org', '83940 Smith Mill Suite 901\nEast Baronside, NC 21952', 'Idellahaven', 'Pennsylvania', '1578550839'),
(5, 'Brekke, Buckridge and Dicki', 'Grimes.com', '4983 Baumbach Trafficway\nNew Loyfort, TX 75396-2603', 'Hilllmouth', 'Arizona', '8251600203'),
(6, 'Turcotte, Kohler and Bahringer', 'Lebsack.org', '785 Homenick Trail Apt. 557\nWest Elvaberg, AR 24581', 'Vivianneside', 'Nebraska', '3730485527'),
(7, 'Schiller-Waelchi', 'Reichert.com', '409 Brooks Overpass Apt. 945\nSylviashire, AK 93884-0513', 'Lillyfort', 'Oklahoma', '2857975182'),
(8, 'Mann, Cummings and Shields', 'Schmitt.com', '6647 Lila Islands\nWillport, NJ 20529-4860', 'Port Ewell', 'Missouri', '8000895176'),
(9, 'Koepp LLC', 'Connelly.info', '660 Gorczany Oval\nJaceyside, MN 55038', 'Powlowskistad', 'Utah', '4623943143'),
(10, 'Rice, Gleason and Kuhn', 'Bode.com', '697 Bergstrom Meadows\nEmelyland, KY 13003', 'Altenwerthport', 'Wyoming', '1734102782');

-- --------------------------------------------------------

--
-- Table structure for table `customers`
--
-- Creation: Jan 20, 2015 at 04:31 AM
--

DROP TABLE IF EXISTS `customers`;
CREATE TABLE IF NOT EXISTS `customers` (
  `id` int(11) NOT NULL AUTO_INCREMENT,
  `username` varchar(45) COLLATE utf8mb4_bin NOT NULL,
  `password` varchar(255) COLLATE utf8mb4_bin NOT NULL,
  `plainpassword` varchar(255) COLLATE utf8mb4_bin NOT NULL,
  `email` varchar(155) COLLATE utf8mb4_bin NOT NULL,
  `address` varchar(255) COLLATE utf8mb4_bin NOT NULL,
  `instructions` text COLLATE utf8mb4_bin,
  `phone` varchar(45) COLLATE utf8mb4_bin NOT NULL,
  `verified` tinyint(4) DEFAULT '0',
  PRIMARY KEY (`id`),
  UNIQUE KEY `customer_username_UNIQUE` (`username`),
  UNIQUE KEY `customer_email_UNIQUE` (`email`)
) ENGINE=InnoDB  DEFAULT CHARSET=utf8mb4 COLLATE=utf8mb4_bin AUTO_INCREMENT=21 ;

--
-- Dumping data for table `customers`
--

INSERT INTO `customers` (`id`, `username`, `password`, `plainpassword`, `email`, `address`, `instructions`, `phone`, `verified`) VALUES
(1, 'Gerhold.Brady', '$2y$10$7GzRnHABtd/RnvgBGWmxke6etwDYbgQSGhfMhyuwsOkywJgrk2hEC', 'c,uRD4tYZB@oO-9OlB#', 'Kieran.Haley@example.com', '5339 Alessandro Trail Apt. 152\nEast Christopher, MT 24833-2975', '', '3447752355', 1),
(2, 'Lynch.Rosina', '$2y$10$Usj7FGp6fQmwI90FgATf1ed4LIFtVCvR2BFVzKqCQG5ab6SU8OpzS', 'PkEKEHLR.tawY<41', 'oKoepp@example.com', '77259 Homenick Grove\nPort Cassandreberg, DC 72757-1398', 'Accusantium soluta ducimus est sit qui quia nisi. Magnam eos voluptas est deserunt non non vero voluptatibus. Nulla accusantium eum autem sint eius. Labore amet voluptas eos molestiae et assumenda repudiandae.', '7493369147', 1),
(3, 'Judy.Schoen', '$2y$10$xFfSAjVA8oNe6DFKh4feqOt8baPvhHJeRQlwsmkO4R8OtWcmv0PkG', '6[XM<.MLndoEPFW*9D7', 'yKautzer@example.net', '71897 Schultz Mall\nPort Karlie, TN 64098', '', '3930339289', 1),
(4, 'Everett18', '$2y$10$OgRTqMVKDILfvh.R/KpWU.bFcVdT3KEqJLgbUThLJ4G7pgQrJAMuq', 'ab)*2,q3Y~SZ{!!R#R', 'Murazik.Erika@example.com', '83558 Gaylord Loop\nSouth Malika, NY 51800', 'Sunt eveniet voluptatem cum quos amet sed. Quibusdam alias non cupiditate rerum quae harum.', '6909083240', 1),
(5, 'oWalker', '$2y$10$uN3aGP7qIapY637AA1U/eeSDmgmB/YbrfTaIecCTeVoz7dOeMO646', 'w3:~qiLLD', 'Bartell.Janelle@example.com', '280 Towne Station Suite 976\nNorth Hilma, ME 11023', 'Culpa et laudantium iusto non eaque error minus. Eveniet illum possimus repellendus voluptas natus ut. Commodi natus hic harum alias sit odit quam vel.', '8611128292', 1),
(6, 'oDare', '$2y$10$qASjlAGOKk8md7V6ure4WOOspVDZZvIHh4YC6miFM6cx7ZO6VE2om', 'f$c7''Y_U_JS){lu&CiOW', 'Gaston90@example.net', '78216 Dominic Shoal Suite 929\nCummerataborough, IN 66853-6448', 'Fuga non ut tempora aspernatur quia dolores totam. At voluptates reiciendis quae reiciendis tenetur. Id magni quidem facilis. Perferendis aliquam ullam nam quidem velit dolor.', '5788644842', 1),
(7, 'Schulist.Shanel', '$2y$10$Wvx76IlqRZwHYdE2W2FpTO1PJmeAJJQehQQWybfZOuk5bYJl9Zwmi', 'bB&"39l)^|eS"DM&p9,Z', 'Reichel.Ashtyn@example.com', '8472 Gerhold Station Suite 415\nJaylenberg, IL 36401-4347', 'Velit nesciunt eum tempore suscipit aut excepturi optio. Suscipit ipsum reiciendis exercitationem et cupiditate a laudantium. Nihil quisquam hic velit. Cum corporis aliquam totam soluta voluptatem. Ab quisquam et eum consectetur sunt non optio.', '4944366006', 1),
(8, 'Mary.Hand', '$2y$10$Y6NLStHXCct2ZRMwW9rP1OdQpvIxw34J6xvQY9493U/d4CTlwqVuW', '>xi61tR|h^<mYxnv^Dro', 'Hertha.Rice@example.net', '9307 Kris Mount Suite 505\nWest Lacyland, ND 63783-4080', 'Esse voluptas ab tempora ut illo numquam est consequatur. Natus et quidem nemo numquam nam nihil. Rerum officia ipsum ratione tempora magni laborum. Praesentium libero itaque qui.', '7411849608', 1),
(9, 'Hodkiewicz.Cordia', '$2y$10$uMsOq2G3zNxYR88k7E6Vh.bE7iz5gA3yws.H0dqRyBzwtsJoJs0ea', '<4F9:=_/g,/Gm@h&dqnq', 'zHirthe@example.org', '482 Alyce Gardens\nDiamondchester, WA 11137-9608', '', '2752082209', 1),
(10, 'Idell.Torphy', '$2y$10$WeG9p440HrELrwlQ15tyQOYDx6AklZNHH89yhw4.T96n5BaMi.gze', 'PiYGiGWWZdGp6', 'Charlene.Kunde@example.org', '3730 Treutel Forest\nMcGlynnmouth, AK 14211-1356', '', '7285872939', 1),
(11, 'Garrick.Schuppe', '$2y$10$byLHHmE4.ScREazHrXOcyeH05U0TsML7jj/Sac8if9.FKQB.vnuge', 'Z`TQt+S1fd"INu.', 'fCarter@example.net', '84434 Candida Creek Apt. 040\nSouth Aylinton, NV 88505', '', '82819536', 1),
(12, 'Francesca.Balistreri', '$2y$10$UgTSkO8lfzUeSshQhm8V2uS98C09ab8H80avoQc0KWYc.smApHlGm', 'c]8##S@b)E}7)iEKOR14', 'sSimonis@example.net', '74249 Robel Canyon\nLake Erika, NY 70051-9658', 'Quaerat nobis consequatur aut enim illum consequatur alias inventore. Reiciendis in suscipit nihil qui rerum. Ut magni dolor soluta nesciunt explicabo corrupti sed.', '8862509371', 1),
(13, 'jStracke', '$2y$10$PP2jNPVfkcOgCZsW/pvVZOo7TrX.BjCuX8q3p4ejb58Wd2nTUfiCC', '&)\\p-_q@g_', 'Kennith34@example.org', '929 Krajcik Green Apt. 875\nNew Laurence, IN 22667', '', '2723662663', 1),
(14, 'Stacy.Olson', '$2y$10$6Ry2SMg8F62ykPqJaGPOh.16.YZ8Ys4rlrCDn.B2v9OK688sweK..', 'z&s$8s.^}:>{?.R5', 'qSmith@example.org', '86679 Aniyah View\nMarianaside, VT 46132-7066', 'Temporibus qui dicta quo optio.', '501703058', 1),
(15, 'vSchneider', '$2y$10$QNq5HKoNzgeMMO07CVLH/.Q6bxFiWi3.5HP2oUusX.hquQZ72alXC', 'VqTX(*$c!G.,qmu;&xD', 'hLindgren@example.com', '0748 Mann Center Suite 960\nHellerstad, ND 72394-2870', 'Esse rerum eveniet in quia. Est magnam earum rerum dolores molestiae ipsa illum. Cumque assumenda culpa labore quia architecto nam vitae.', '9320420252', 1),
(16, 'Maynard59', '$2y$10$yLFf9o4Z7d.0gwaqkd62dO7w5b24nw3HfRE5aacnWZQIP8Lw0BCfa', 'Y}_N[k', 'Odie.Reichel@example.com', '722 Corkery Rapids Suite 333\nNew Julienview, TX 41117', 'Nihil sunt ab ea quasi est ab perferendis. Ratione qui ea fugiat ad maiores dicta.', '9661018655', 1),
(17, 'Tyrese.Kertzmann', '$2y$10$V1P1xUijAkGqYeNp2JvBVuPnlrf7xPuJeEmox4nQrsZgq7ZGFhybe', 'v[Vh}g.', 'Thompson.Alexandro@example.org', '1741 Bianka Ways Apt. 772\nNew Emilytown, MI 69581-7905', 'Dolores quia eum consequatur blanditiis. Suscipit aut rerum deserunt omnis nam quo magni corporis. Dicta cum consectetur dolorem quod qui quaerat cumque recusandae.', '4874327381', 1),
(18, 'Susan60', '$2y$10$6bpno5rfTVYAouztYasdcObsZNgsPdi3krqgx/cwUkDsIACYpHPG.', 'vC7mktRS&p$GRN5@r;}', 'Schoen.Peggie@example.org', '4813 Immanuel Flat Suite 802\nHoppeport, GA 43465', '', '7941865892', 1),
(19, 'dRath', '$2y$10$vWR8BISyMgBQrqWY8nQugu8PeYnS7xFJ.hzIp//cLVJ.nzRXBexsm', 'usWM>R"e@#{aj', 'Monahan.Rashawn@example.org', '3770 Ebony Club\nSouth Jimmyberg, AZ 63775-1200', '', '5776317743', 1),
(20, 'Nicolas.Kovacek', '$2y$10$HrDrNJD2nLBXhlNLPERTz.eAwc/QJ2Ho9JWT5N1p2/rORrba7stuO', 'aAis#QK/d|q<w', 'Lind.Keaton@example.org', '20783 Sabina Valley\nPamelabury, CA 91611', 'Consectetur consequatur sapiente voluptatum. Soluta sit dolores reprehenderit et expedita dolores voluptatem nulla. Possimus accusamus tenetur et nulla iure et.', '9159801032', 1);

-- --------------------------------------------------------

--
-- Table structure for table `groups`
--
-- Creation: Jan 20, 2015 at 04:31 AM
--

DROP TABLE IF EXISTS `groups`;
CREATE TABLE IF NOT EXISTS `groups` (
  `id` int(11) NOT NULL AUTO_INCREMENT,
  `name` varchar(255) COLLATE utf8mb4_bin NOT NULL,
  `companies_id` int(11) NOT NULL,
  `users_id` text COLLATE utf8mb4_bin,
  PRIMARY KEY (`id`),
  KEY `fk_groups_companies1_idx` (`companies_id`)
) ENGINE=InnoDB  DEFAULT CHARSET=utf8mb4 COLLATE=utf8mb4_bin AUTO_INCREMENT=41 ;

--
-- Dumping data for table `groups`
--

INSERT INTO `groups` (`id`, `name`, `companies_id`, `users_id`) VALUES
(1, 'Switchable dedicated website', 5, '24,2,14,26,20,37,25,7,35,4,8,18,22,8,32,29,18,32,31'),
(2, 'Exclusive systemic application', 8, '26,26,11,6,26,31,23,21,16,40,3'),
(3, 'Persevering zeroadministration hub', 7, '33,1,40,40,39,4,1,18,18,12,22,35,14,39,15,9,1,25'),
(4, 'Multi-lateral incremental infrastructure', 8, '26,26,11,6,26,31,23,21,16,40,3'),
(5, 'Realigned even-keeled middleware', 9, '40,35,35,13,38,22,20,17,14,33,1,25,30,16,36'),
(6, 'Persevering local function', 2, '7,33,35,36,20,28,15,26,35,1,40,38,18'),
(7, 'Integrated object-oriented software', 10, '35,10,32,12,30,37,20,4,5,14,2,19,21'),
(8, 'Compatible transitional flexibility', 10, '35,10,32,12,30,37,20,4,5,14,2,19,21'),
(9, 'Horizontal national internetsolution', 5, '24,2,14,26,20,37,25,7,35,4,8,18,22,8,32,29,18,32,31'),
(10, 'Synchronised analyzing forecast', 4, '36,4,16,40,22,34,29,28,23,40,4,17,35'),
(11, 'Adaptive web-enabled localareanetwork', 8, '26,26,11,6,26,31,23,21,16,40,3'),
(12, 'Intuitive maximized GraphicalUserInterface', 8, '26,26,11,6,26,31,23,21,16,40,3'),
(13, 'Multi-lateral coherent matrices', 7, '33,1,40,40,39,4,1,18,18,12,22,35,14,39,15,9,1,25'),
(14, 'Organized systematic success', 2, '7,33,35,36,20,28,15,26,35,1,40,38,18'),
(15, 'Monitored web-enabled hierarchy', 8, '26,26,11,6,26,31,23,21,16,40,3'),
(16, 'Managed assymetric product', 8, '26,26,11,6,26,31,23,21,16,40,3'),
(17, 'Visionary responsive matrices', 8, '26,26,11,6,26,31,23,21,16,40,3'),
(18, 'Robust incremental support', 8, '26,26,11,6,26,31,23,21,16,40,3'),
(19, 'Exclusive intermediate opensystem', 5, '24,2,14,26,20,37,25,7,35,4,8,18,22,8,32,29,18,32,31'),
(20, 'Virtual bifurcated interface', 5, '24,2,14,26,20,37,25,7,35,4,8,18,22,8,32,29,18,32,31'),
(21, 'Focused eco-centric paradigm', 1, '40,34,20,35,24,23,35,6,33,39,1,32'),
(22, 'Distributed reciprocal project', 3, '38,4,27,40,25,27,16,29,11,5,25,23,26,38'),
(23, 'Adaptive bottom-line customerloyalty', 3, '38,4,27,40,25,27,16,29,11,5,25,23,26,38'),
(24, 'User-centric nextgeneration knowledgebase', 8, '26,26,11,6,26,31,23,21,16,40,3'),
(25, 'Right-sized leadingedge GraphicInterface', 4, '36,4,16,40,22,34,29,28,23,40,4,17,35'),
(26, 'Open-source analyzing product', 9, '40,35,35,13,38,22,20,17,14,33,1,25,30,16,36'),
(27, 'Future-proofed reciprocal instructionset', 1, '40,34,20,35,24,23,35,6,33,39,1,32'),
(28, 'Implemented needs-based analyzer', 3, '38,4,27,40,25,27,16,29,11,5,25,23,26,38'),
(29, 'User-friendly exuding project', 3, '38,4,27,40,25,27,16,29,11,5,25,23,26,38'),
(30, 'Open-architected upward-trending projection', 2, '7,33,35,36,20,28,15,26,35,1,40,38,18'),
(31, 'Stand-alone responsive approach', 6, '28,37,27,35,36,32,24,32,24,17,15,35,25,10,9,39,38,36,15,36,37,26'),
(32, 'Networked fresh-thinking customerloyalty', 10, '35,10,32,12,30,37,20,4,5,14,2,19,21'),
(33, 'Down-sized intermediate application', 6, '28,37,27,35,36,32,24,32,24,17,15,35,25,10,9,39,38,36,15,36,37,26'),
(34, 'Extended even-keeled array', 5, '24,2,14,26,20,37,25,7,35,4,8,18,22,8,32,29,18,32,31'),
(35, 'Mandatory optimizing attitude', 6, '28,37,27,35,36,32,24,32,24,17,15,35,25,10,9,39,38,36,15,36,37,26'),
(36, 'Stand-alone zerodefect analyzer', 7, '33,1,40,40,39,4,1,18,18,12,22,35,14,39,15,9,1,25'),
(37, 'Switchable optimal paradigm', 3, '38,4,27,40,25,27,16,29,11,5,25,23,26,38'),
(38, 'Diverse upward-trending localareanetwork', 6, '28,37,27,35,36,32,24,32,24,17,15,35,25,10,9,39,38,36,15,36,37,26'),
(39, 'Phased user-facing framework', 7, '33,1,40,40,39,4,1,18,18,12,22,35,14,39,15,9,1,25'),
(40, 'Reverse-engineered responsive benchmark', 2, '7,33,35,36,20,28,15,26,35,1,40,38,18');

-- --------------------------------------------------------

--
-- Table structure for table `orders`
--
-- Creation: Jan 20, 2015 at 04:31 AM
--

DROP TABLE IF EXISTS `orders`;
CREATE TABLE IF NOT EXISTS `orders` (
  `id` int(11) NOT NULL AUTO_INCREMENT,
  `fulfilled` int(11) DEFAULT '0',
  `unfulfilled` varchar(45) COLLATE utf8mb4_bin DEFAULT NULL,
  `groups_id` int(11) NOT NULL,
  `groups_users_companies_id` int(11) NOT NULL,
  `customers_id` int(11) DEFAULT NULL,
  PRIMARY KEY (`id`,`groups_id`,`groups_users_companies_id`),
  KEY `fk_orders_groups1_idx` (`groups_id`,`groups_users_companies_id`)
) ENGINE=InnoDB  DEFAULT CHARSET=utf8mb4 COLLATE=utf8mb4_bin AUTO_INCREMENT=1001 ;

--
-- Dumping data for table `orders`
--

INSERT INTO `orders` (`id`, `fulfilled`, `unfulfilled`, `groups_id`, `groups_users_companies_id`, `customers_id`) VALUES
(1, 259, '302', 8, 10, 7),
(2, 424, '460', 32, 10, 18),
(3, 24, '110', 9, 5, 3),
(4, 156, '461', 6, 2, 18),
(5, 60, '91', 18, 8, 9),
(6, 196, '388', 24, 8, 4),
(7, 5, '368', 39, 7, 3),
(8, 47, '117', 13, 7, 5),
(9, 25, '64', 31, 6, 10),
(10, 341, '409', 17, 8, 1),
(11, 31, '31', 3, 7, 4),
(12, 31, '134', 4, 8, 3),
(13, 54, '108', 25, 4, 17),
(14, 43, '178', 37, 3, 7),
(15, 69, '271', 18, 8, 17),
(16, 55, '393', 32, 10, 17),
(17, 244, '267', 36, 7, 17),
(18, 14, '16', 7, 10, 3),
(19, 31, '417', 30, 2, 5),
(20, 381, '383', 4, 8, 8),
(21, 318, '400', 35, 6, 9),
(22, 104, '382', 3, 7, 13),
(23, 132, '228', 40, 2, 2),
(24, 31, '98', 9, 5, 8),
(25, 363, '381', 36, 7, 14),
(26, 29, '406', 2, 8, 20),
(27, 371, '418', 33, 6, 12),
(28, 150, '360', 21, 1, 2),
(29, 14, '59', 2, 8, 6),
(30, 177, '303', 21, 1, 4),
(31, 187, '276', 2, 8, 11),
(32, 158, '220', 40, 2, 9),
(33, 126, '135', 36, 7, 5),
(34, 246, '398', 14, 2, 11),
(35, 57, '174', 3, 7, 4),
(36, 9, '62', 17, 8, 13),
(37, 74, '116', 30, 2, 20),
(38, 462, '469', 4, 8, 1),
(39, 127, '149', 16, 8, 8),
(40, 31, '38', 19, 5, 19),
(41, 252, '288', 15, 8, 15),
(42, 181, '289', 16, 8, 12),
(43, 12, '18', 9, 5, 5),
(44, 161, '459', 35, 6, 10),
(45, 75, '293', 28, 3, 7),
(46, 25, '423', 14, 2, 6),
(47, 347, '351', 6, 2, 2),
(48, 101, '138', 30, 2, 12),
(49, 224, '477', 32, 10, 7),
(50, 26, '27', 9, 5, 3),
(51, 346, '368', 4, 8, 10),
(52, 237, '431', 38, 6, 14),
(53, 3, '25', 17, 8, 16),
(54, 165, '359', 1, 5, 14),
(55, 54, '306', 17, 8, 4),
(56, 193, '386', 24, 8, 10),
(57, 122, '320', 25, 4, 5),
(58, 70, '277', 33, 6, 6),
(59, 233, '278', 38, 6, 14),
(60, 51, '76', 14, 2, 9),
(61, 403, '487', 6, 2, 5),
(62, 414, '449', 22, 3, 11),
(63, 142, '263', 3, 7, 17),
(64, 167, '189', 40, 2, 12),
(65, 153, '473', 22, 3, 1),
(66, 81, '142', 26, 9, 7),
(67, 408, '445', 12, 8, 2),
(68, 359, '386', 17, 8, 19),
(69, 36, '383', 14, 2, 2),
(70, 68, '72', 17, 8, 6),
(71, 55, '127', 38, 6, 9),
(72, 303, '444', 11, 8, 19),
(73, 78, '391', 18, 8, 20),
(74, 106, '452', 12, 8, 6),
(75, 144, '373', 26, 9, 4),
(76, 42, '48', 5, 9, 18),
(77, 49, '51', 30, 2, 8),
(78, 35, '53', 20, 5, 4),
(79, 140, '275', 9, 5, 11),
(80, 12, '328', 33, 6, 1),
(81, 1, '272', 14, 2, 10),
(82, 29, '184', 30, 2, 10),
(83, 246, '267', 1, 5, 17),
(84, 121, '125', 18, 8, 9),
(85, 5, '15', 39, 7, 18),
(86, 146, '163', 19, 5, 6),
(87, 308, '492', 40, 2, 15),
(88, 176, '217', 9, 5, 15),
(89, 41, '326', 5, 9, 15),
(90, 31, '103', 19, 5, 6),
(91, 58, '163', 5, 9, 20),
(92, 8, '496', 19, 5, 16),
(93, 83, '83', 2, 8, 5),
(94, 321, '449', 33, 6, 20),
(95, 92, '384', 7, 10, 5),
(96, 164, '233', 33, 6, 14),
(97, 20, '209', 37, 3, 2),
(98, 49, '200', 30, 2, 12),
(99, 254, '279', 4, 8, 16),
(100, 14, '382', 10, 4, 4),
(101, 129, '269', 3, 7, 17),
(102, 360, '383', 11, 8, 6),
(103, 59, '343', 9, 5, 7),
(104, 18, '57', 38, 6, 2),
(105, 56, '97', 18, 8, 2),
(106, 29, '129', 4, 8, 20),
(107, 208, '295', 16, 8, 2),
(108, 121, '207', 13, 7, 6),
(109, 211, '445', 5, 9, 19),
(110, 325, '337', 7, 10, 20),
(111, 87, '310', 14, 2, 14),
(112, 115, '295', 38, 6, 9),
(113, 31, '38', 30, 2, 13),
(114, 309, '398', 18, 8, 18),
(115, 3, '23', 40, 2, 11),
(116, 21, '94', 18, 8, 2),
(117, 230, '341', 22, 3, 13),
(118, 14, '130', 19, 5, 16),
(119, 36, '162', 6, 2, 2),
(120, 61, '177', 19, 5, 20),
(121, 56, '106', 18, 8, 10),
(122, 1, '9', 37, 3, 8),
(123, 177, '235', 14, 2, 13),
(124, 54, '58', 38, 6, 12),
(125, 451, '485', 6, 2, 5),
(126, 111, '153', 24, 8, 10),
(127, 294, '480', 8, 10, 16),
(128, 111, '384', 39, 7, 9),
(129, 386, '389', 17, 8, 2),
(130, 101, '262', 20, 5, 9),
(131, 0, '202', 25, 4, 3),
(132, 68, '453', 34, 5, 14),
(133, 17, '19', 19, 5, 17),
(134, 3, '20', 3, 7, 8),
(135, 7, '84', 15, 8, 3),
(136, 196, '272', 28, 3, 2),
(137, 228, '314', 13, 7, 9),
(138, 59, '179', 31, 6, 16),
(139, 59, '163', 22, 3, 13),
(140, 22, '52', 21, 1, 16),
(141, 124, '127', 13, 7, 18),
(142, 165, '289', 20, 5, 3),
(143, 212, '268', 32, 10, 3),
(144, 87, '108', 21, 1, 6),
(145, 108, '123', 33, 6, 16),
(146, 90, '249', 15, 8, 4),
(147, 3, '130', 28, 3, 13),
(148, 291, '326', 36, 7, 9),
(149, 107, '445', 15, 8, 8),
(150, 24, '171', 23, 3, 17),
(151, 58, '326', 36, 7, 4),
(152, 204, '298', 7, 10, 12),
(153, 168, '180', 1, 5, 15),
(154, 60, '82', 21, 1, 3),
(155, 18, '49', 1, 5, 17),
(156, 283, '412', 25, 4, 19),
(157, 23, '46', 39, 7, 16),
(158, 100, '124', 5, 9, 2),
(159, 56, '428', 34, 5, 19),
(160, 96, '159', 22, 3, 2),
(161, 80, '225', 25, 4, 8),
(162, 2, '17', 16, 8, 9),
(163, 7, '12', 19, 5, 17),
(164, 52, '140', 34, 5, 7),
(165, 264, '459', 6, 2, 7),
(166, 372, '416', 19, 5, 4),
(167, 323, '424', 32, 10, 5),
(168, 29, '91', 20, 5, 3),
(169, 188, '365', 8, 10, 19),
(170, 271, '325', 6, 2, 13),
(171, 42, '312', 10, 4, 16),
(172, 28, '242', 6, 2, 11),
(173, 281, '432', 11, 8, 5),
(174, 19, '287', 3, 7, 18),
(175, 230, '486', 32, 10, 10),
(176, 4, '15', 7, 10, 20),
(177, 57, '127', 40, 2, 19),
(178, 50, '279', 17, 8, 20),
(179, 261, '466', 16, 8, 1),
(180, 285, '439', 34, 5, 10),
(181, 204, '227', 12, 8, 1),
(182, 151, '380', 25, 4, 10),
(183, 84, '136', 28, 3, 4),
(184, 283, '407', 19, 5, 14),
(185, 12, '141', 38, 6, 8),
(186, 57, '122', 25, 4, 19),
(187, 10, '40', 13, 7, 15),
(188, 71, '428', 38, 6, 17),
(189, 107, '249', 39, 7, 12),
(190, 329, '341', 18, 8, 8),
(191, 298, '360', 15, 8, 15),
(192, 162, '213', 23, 3, 8),
(193, 5, '115', 36, 7, 10),
(194, 202, '416', 21, 1, 9),
(195, 27, '450', 33, 6, 11),
(196, 185, '210', 1, 5, 4),
(197, 111, '205', 29, 3, 4),
(198, 199, '334', 33, 6, 9),
(199, 57, '114', 5, 9, 8),
(200, 102, '131', 31, 6, 11),
(201, 29, '35', 29, 3, 12),
(202, 6, '190', 29, 3, 3),
(203, 71, '182', 23, 3, 15),
(204, 26, '257', 8, 10, 19),
(205, 315, '336', 4, 8, 13),
(206, 9, '11', 32, 10, 4),
(207, 256, '266', 28, 3, 4),
(208, 96, '99', 18, 8, 12),
(209, 1, '23', 4, 8, 4),
(210, 274, '311', 23, 3, 17),
(211, 7, '126', 8, 10, 11),
(212, 5, '93', 37, 3, 1),
(213, 336, '423', 39, 7, 18),
(214, 62, '477', 30, 2, 11),
(215, 54, '138', 9, 5, 6),
(216, 53, '204', 32, 10, 20),
(217, 166, '392', 4, 8, 10),
(218, 121, '250', 3, 7, 1),
(219, 252, '261', 33, 6, 2),
(220, 267, '384', 8, 10, 2),
(221, 40, '90', 7, 10, 2),
(222, 307, '357', 1, 5, 11),
(223, 100, '104', 18, 8, 7),
(224, 31, '196', 6, 2, 15),
(225, 46, '53', 9, 5, 12),
(226, 82, '85', 34, 5, 1),
(227, 470, '496', 22, 3, 8),
(228, 146, '271', 2, 8, 7),
(229, 49, '225', 33, 6, 17),
(230, 14, '195', 16, 8, 11),
(231, 23, '24', 7, 10, 3),
(232, 20, '202', 40, 2, 9),
(233, 47, '159', 13, 7, 16),
(234, 445, '482', 10, 4, 11),
(235, 54, '73', 10, 4, 16),
(236, 174, '339', 19, 5, 9),
(237, 153, '311', 24, 8, 3),
(238, 239, '281', 5, 9, 3),
(239, 321, '430', 16, 8, 3),
(240, 371, '420', 4, 8, 2),
(241, 92, '163', 26, 9, 4),
(242, 24, '468', 31, 6, 14),
(243, 27, '34', 23, 3, 15),
(244, 216, '488', 7, 10, 17),
(245, 4, '365', 31, 6, 17),
(246, 30, '429', 31, 6, 3),
(247, 34, '50', 26, 9, 10),
(248, 181, '404', 40, 2, 12),
(249, 85, '294', 3, 7, 5),
(250, 93, '223', 17, 8, 7),
(251, 280, '328', 20, 5, 3),
(252, 319, '332', 36, 7, 9),
(253, 133, '326', 25, 4, 1),
(254, 25, '57', 11, 8, 3),
(255, 47, '301', 4, 8, 8),
(256, 139, '179', 19, 5, 16),
(257, 15, '364', 34, 5, 13),
(258, 27, '32', 2, 8, 5),
(259, 26, '85', 34, 5, 9),
(260, 217, '462', 39, 7, 4),
(261, 218, '258', 1, 5, 20),
(262, 270, '427', 35, 6, 8),
(263, 55, '98', 17, 8, 19),
(264, 40, '136', 10, 4, 8),
(265, 313, '328', 4, 8, 19),
(266, 1, '81', 24, 8, 15),
(267, 52, '99', 3, 7, 14),
(268, 34, '128', 30, 2, 6),
(269, 10, '19', 19, 5, 3),
(270, 115, '162', 38, 6, 17),
(271, 220, '365', 19, 5, 17),
(272, 95, '410', 38, 6, 15),
(273, 19, '246', 18, 8, 6),
(274, 134, '462', 32, 10, 8),
(275, 359, '362', 2, 8, 18),
(276, 25, '384', 7, 10, 10),
(277, 30, '322', 27, 1, 2),
(278, 117, '141', 1, 5, 15),
(279, 168, '345', 4, 8, 16),
(280, 26, '158', 39, 7, 9),
(281, 90, '194', 10, 4, 17),
(282, 243, '256', 25, 4, 17),
(283, 116, '190', 3, 7, 13),
(284, 205, '493', 5, 9, 13),
(285, 31, '40', 5, 9, 15),
(286, 93, '280', 31, 6, 7),
(287, 12, '64', 5, 9, 1),
(288, 125, '229', 17, 8, 10),
(289, 49, '74', 24, 8, 18),
(290, 201, '280', 6, 2, 1),
(291, 321, '407', 33, 6, 7),
(292, 293, '395', 39, 7, 4),
(293, 115, '399', 32, 10, 4),
(294, 26, '164', 33, 6, 6),
(295, 4, '187', 5, 9, 2),
(296, 290, '448', 32, 10, 19),
(297, 28, '305', 8, 10, 2),
(298, 64, '70', 12, 8, 20),
(299, 40, '201', 21, 1, 4),
(300, 88, '103', 36, 7, 19),
(301, 113, '379', 4, 8, 12),
(302, 341, '369', 39, 7, 7),
(303, 454, '479', 20, 5, 7),
(304, 32, '73', 12, 8, 17),
(305, 18, '354', 4, 8, 13),
(306, 138, '411', 31, 6, 18),
(307, 218, '294', 29, 3, 7),
(308, 13, '203', 6, 2, 3),
(309, 400, '408', 4, 8, 17),
(310, 37, '360', 23, 3, 2),
(311, 459, '492', 37, 3, 10),
(312, 99, '194', 31, 6, 9),
(313, 109, '441', 37, 3, 1),
(314, 54, '407', 24, 8, 14),
(315, 86, '330', 34, 5, 7),
(316, 20, '73', 30, 2, 8),
(317, 257, '468', 34, 5, 11),
(318, 62, '96', 6, 2, 1),
(319, 40, '84', 20, 5, 11),
(320, 268, '281', 28, 3, 1),
(321, 46, '208', 34, 5, 7),
(322, 122, '138', 34, 5, 18),
(323, 32, '187', 14, 2, 4),
(324, 41, '69', 13, 7, 9),
(325, 52, '163', 7, 10, 19),
(326, 133, '167', 13, 7, 4),
(327, 59, '421', 35, 6, 12),
(328, 147, '259', 26, 9, 15),
(329, 79, '127', 10, 4, 8),
(330, 108, '261', 16, 8, 18),
(331, 56, '418', 10, 4, 5),
(332, 109, '343', 33, 6, 14),
(333, 55, '314', 18, 8, 18),
(334, 40, '111', 1, 5, 10),
(335, 45, '141', 4, 8, 14),
(336, 127, '349', 4, 8, 16),
(337, 143, '303', 39, 7, 5),
(338, 38, '94', 22, 3, 2),
(339, 40, '51', 1, 5, 19),
(340, 325, '497', 3, 7, 20),
(341, 40, '52', 33, 6, 13),
(342, 8, '12', 26, 9, 17),
(343, 179, '355', 26, 9, 4),
(344, 118, '421', 8, 10, 7),
(345, 19, '201', 11, 8, 3),
(346, 15, '52', 4, 8, 14),
(347, 375, '399', 11, 8, 8),
(348, 29, '366', 17, 8, 18),
(349, 229, '284', 31, 6, 9),
(350, 133, '375', 11, 8, 20),
(351, 191, '261', 2, 8, 15),
(352, 136, '191', 13, 7, 5),
(353, 153, '297', 29, 3, 4),
(354, 9, '62', 32, 10, 20),
(355, 1, '3', 6, 2, 16),
(356, 144, '493', 23, 3, 10),
(357, 153, '288', 29, 3, 19),
(358, 3, '24', 19, 5, 20),
(359, 72, '193', 19, 5, 3),
(360, 5, '140', 34, 5, 15),
(361, 418, '458', 31, 6, 15),
(362, 238, '247', 1, 5, 3),
(363, 101, '156', 34, 5, 15),
(364, 25, '27', 40, 2, 18),
(365, 98, '482', 38, 6, 18),
(366, 34, '229', 7, 10, 1),
(367, 44, '130', 4, 8, 9),
(368, 36, '193', 11, 8, 12),
(369, 26, '51', 35, 6, 1),
(370, 9, '138', 21, 1, 9),
(371, 49, '63', 28, 3, 2),
(372, 1, '88', 21, 1, 13),
(373, 12, '16', 29, 3, 6),
(374, 141, '155', 34, 5, 10),
(375, 144, '150', 33, 6, 14),
(376, 100, '332', 3, 7, 17),
(377, 3, '25', 23, 3, 10),
(378, 62, '351', 22, 3, 18),
(379, 130, '229', 15, 8, 15),
(380, 70, '103', 29, 3, 3),
(381, 200, '471', 4, 8, 18),
(382, 362, '379', 2, 8, 20),
(383, 78, '234', 37, 3, 20),
(384, 1, '3', 1, 5, 1),
(385, 140, '348', 31, 6, 20),
(386, 76, '450', 16, 8, 16),
(387, 88, '135', 11, 8, 19),
(388, 2, '250', 10, 4, 16),
(389, 83, '156', 21, 1, 17),
(390, 6, '211', 9, 5, 7),
(391, 27, '137', 23, 3, 4),
(392, 37, '79', 32, 10, 19),
(393, 360, '378', 38, 6, 3),
(394, 241, '319', 28, 3, 7),
(395, 41, '120', 31, 6, 20),
(396, 440, '489', 6, 2, 17),
(397, 207, '220', 32, 10, 18),
(398, 80, '322', 11, 8, 7),
(399, 73, '92', 30, 2, 20),
(400, 26, '31', 29, 3, 20),
(401, 78, '401', 1, 5, 10),
(402, 81, '127', 13, 7, 1),
(403, 128, '347', 19, 5, 13),
(404, 226, '315', 37, 3, 20),
(405, 159, '279', 17, 8, 18),
(406, 155, '319', 18, 8, 3),
(407, 7, '107', 15, 8, 16),
(408, 35, '75', 40, 2, 16),
(409, 295, '344', 19, 5, 4),
(410, 84, '481', 39, 7, 12),
(411, 333, '410', 38, 6, 18),
(412, 10, '28', 29, 3, 17),
(413, 275, '394', 38, 6, 2),
(414, 174, '218', 7, 10, 6),
(415, 170, '400', 34, 5, 11),
(416, 36, '97', 24, 8, 2),
(417, 212, '320', 21, 1, 10),
(418, 88, '147', 19, 5, 18),
(419, 52, '311', 36, 7, 13),
(420, 113, '219', 18, 8, 6),
(421, 44, '71', 25, 4, 19),
(422, 48, '210', 19, 5, 19),
(423, 41, '452', 21, 1, 4),
(424, 39, '44', 15, 8, 3),
(425, 36, '59', 16, 8, 17),
(426, 110, '481', 18, 8, 9),
(427, 222, '379', 37, 3, 1),
(428, 262, '296', 18, 8, 16),
(429, 116, '121', 4, 8, 15),
(430, 66, '482', 5, 9, 4),
(431, 132, '164', 7, 10, 1),
(432, 35, '197', 6, 2, 18),
(433, 15, '326', 25, 4, 20),
(434, 420, '486', 22, 3, 1),
(435, 15, '22', 29, 3, 7),
(436, 126, '262', 14, 2, 19),
(437, 18, '91', 31, 6, 9),
(438, 144, '148', 40, 2, 13),
(439, 20, '167', 13, 7, 16),
(440, 17, '40', 40, 2, 17),
(441, 188, '308', 19, 5, 15),
(442, 129, '478', 15, 8, 1),
(443, 267, '450', 23, 3, 1),
(444, 42, '57', 12, 8, 16),
(445, 23, '47', 7, 10, 19),
(446, 71, '279', 8, 10, 14),
(447, 63, '234', 25, 4, 7),
(448, 291, '415', 27, 1, 15),
(449, 307, '379', 14, 2, 14),
(450, 39, '473', 2, 8, 20),
(451, 127, '163', 24, 8, 6),
(452, 116, '283', 31, 6, 2),
(453, 5, '421', 4, 8, 16),
(454, 371, '454', 5, 9, 10),
(455, 93, '247', 9, 5, 8),
(456, 23, '49', 4, 8, 6),
(457, 206, '327', 18, 8, 8),
(458, 132, '147', 14, 2, 13),
(459, 8, '67', 7, 10, 7),
(460, 33, '105', 21, 1, 10),
(461, 37, '121', 31, 6, 2),
(462, 321, '427', 14, 2, 12),
(463, 478, '500', 7, 10, 12),
(464, 30, '129', 20, 5, 5),
(465, 1, '8', 15, 8, 8),
(466, 82, '216', 15, 8, 6),
(467, 29, '78', 40, 2, 4),
(468, 22, '36', 25, 4, 2),
(469, 164, '331', 5, 9, 15),
(470, 33, '136', 37, 3, 10),
(471, 284, '451', 11, 8, 16),
(472, 69, '437', 8, 10, 16),
(473, 7, '24', 20, 5, 12),
(474, 99, '180', 20, 5, 2),
(475, 127, '309', 36, 7, 14),
(476, 23, '48', 27, 1, 4),
(477, 297, '313', 20, 5, 17),
(478, 280, '360', 16, 8, 1),
(479, 240, '353', 7, 10, 3),
(480, 330, '371', 25, 4, 4),
(481, 1, '245', 10, 4, 10),
(482, 52, '149', 27, 1, 4),
(483, 316, '351', 1, 5, 19),
(484, 104, '381', 3, 7, 1),
(485, 216, '360', 24, 8, 16),
(486, 112, '128', 17, 8, 1),
(487, 41, '146', 12, 8, 17),
(488, 169, '458', 14, 2, 12),
(489, 119, '125', 11, 8, 20),
(490, 374, '470', 10, 4, 14),
(491, 36, '59', 9, 5, 20),
(492, 66, '433', 37, 3, 3),
(493, 236, '293', 9, 5, 2),
(494, 406, '439', 2, 8, 20),
(495, 57, '77', 26, 9, 5),
(496, 14, '198', 16, 8, 3),
(497, 17, '29', 32, 10, 12),
(498, 176, '307', 28, 3, 20),
(499, 4, '145', 9, 5, 15),
(500, 108, '420', 34, 5, 5),
(501, 308, '393', 34, 5, 11),
(502, 71, '206', 15, 8, 13),
(503, 29, '70', 25, 4, 8),
(504, 58, '134', 25, 4, 14),
(505, 170, '436', 21, 1, 14),
(506, 39, '76', 6, 2, 3),
(507, 130, '134', 20, 5, 16),
(508, 109, '143', 35, 6, 15),
(509, 106, '374', 40, 2, 6),
(510, 35, '168', 1, 5, 13),
(511, 24, '46', 37, 3, 4),
(512, 127, '250', 21, 1, 6),
(513, 91, '130', 39, 7, 15),
(514, 325, '457', 17, 8, 4),
(515, 50, '235', 37, 3, 1),
(516, 282, '289', 2, 8, 5),
(517, 24, '325', 23, 3, 14),
(518, 74, '85', 8, 10, 1),
(519, 229, '352', 26, 9, 15),
(520, 213, '222', 20, 5, 5),
(521, 245, '486', 32, 10, 9),
(522, 68, '176', 7, 10, 2),
(523, 146, '201', 4, 8, 2),
(524, 28, '497', 26, 9, 13),
(525, 5, '335', 27, 1, 8),
(526, 12, '33', 28, 3, 8),
(527, 340, '417', 35, 6, 17),
(528, 152, '153', 14, 2, 11),
(529, 3, '173', 26, 9, 10),
(530, 25, '53', 1, 5, 3),
(531, 52, '453', 12, 8, 2),
(532, 15, '61', 37, 3, 10),
(533, 150, '176', 13, 7, 5),
(534, 283, '388', 23, 3, 9),
(535, 132, '143', 29, 3, 10),
(536, 30, '172', 33, 6, 4),
(537, 26, '124', 17, 8, 5),
(538, 293, '382', 21, 1, 9),
(539, 214, '290', 3, 7, 12),
(540, 155, '184', 40, 2, 20),
(541, 212, '260', 14, 2, 4),
(542, 4, '38', 16, 8, 11),
(543, 227, '307', 22, 3, 2),
(544, 4, '9', 30, 2, 17),
(545, 165, '480', 20, 5, 15),
(546, 160, '195', 37, 3, 7),
(547, 15, '89', 15, 8, 7),
(548, 289, '431', 28, 3, 18),
(549, 101, '461', 12, 8, 16),
(550, 230, '366', 10, 4, 8),
(551, 183, '187', 40, 2, 5),
(552, 35, '361', 12, 8, 12),
(553, 27, '154', 19, 5, 20),
(554, 15, '36', 28, 3, 7),
(555, 84, '223', 31, 6, 18),
(556, 189, '282', 17, 8, 1),
(557, 150, '323', 37, 3, 6),
(558, 59, '61', 6, 2, 9),
(559, 5, '20', 23, 3, 15),
(560, 159, '182', 9, 5, 13),
(561, 16, '232', 7, 10, 13),
(562, 34, '180', 9, 5, 3),
(563, 342, '433', 24, 8, 17),
(564, 331, '406', 34, 5, 8),
(565, 145, '284', 36, 7, 20),
(566, 60, '319', 24, 8, 6),
(567, 253, '376', 12, 8, 2),
(568, 0, '1', 19, 5, 16),
(569, 114, '332', 23, 3, 13),
(570, 143, '262', 25, 4, 14),
(571, 222, '334', 24, 8, 20),
(572, 63, '311', 19, 5, 9),
(573, 35, '99', 25, 4, 18),
(574, 82, '88', 8, 10, 3),
(575, 98, '104', 9, 5, 14),
(576, 6, '41', 22, 3, 15),
(577, 56, '86', 11, 8, 5),
(578, 2, '5', 2, 8, 13),
(579, 15, '320', 32, 10, 11),
(580, 162, '201', 11, 8, 4),
(581, 53, '110', 5, 9, 1),
(582, 472, '477', 1, 5, 8),
(583, 388, '389', 32, 10, 15),
(584, 62, '220', 15, 8, 16),
(585, 32, '104', 17, 8, 10),
(586, 72, '100', 21, 1, 13),
(587, 117, '483', 12, 8, 13),
(588, 223, '228', 31, 6, 9),
(589, 257, '416', 6, 2, 14),
(590, 10, '321', 37, 3, 4),
(591, 0, '3', 11, 8, 5),
(592, 385, '421', 19, 5, 1),
(593, 5, '71', 12, 8, 7),
(594, 179, '268', 20, 5, 17),
(595, 181, '286', 30, 2, 7),
(596, 156, '237', 33, 6, 6),
(597, 363, '364', 35, 6, 7),
(598, 200, '388', 22, 3, 14),
(599, 42, '78', 37, 3, 19),
(600, 68, '112', 22, 3, 2),
(601, 409, '418', 6, 2, 7),
(602, 351, '397', 25, 4, 11),
(603, 118, '198', 21, 1, 4),
(604, 68, '89', 28, 3, 19),
(605, 17, '201', 5, 9, 12),
(606, 21, '323', 33, 6, 2),
(607, 108, '317', 21, 1, 12),
(608, 127, '223', 30, 2, 15),
(609, 128, '157', 18, 8, 6),
(610, 202, '310', 12, 8, 17),
(611, 260, '283', 30, 2, 16),
(612, 338, '455', 37, 3, 4),
(613, 69, '81', 18, 8, 14),
(614, 203, '374', 7, 10, 5),
(615, 3, '365', 31, 6, 7),
(616, 349, '498', 16, 8, 16),
(617, 163, '230', 35, 6, 11),
(618, 115, '202', 7, 10, 10),
(619, 60, '64', 24, 8, 2),
(620, 52, '71', 15, 8, 19),
(621, 187, '351', 25, 4, 17),
(622, 61, '438', 33, 6, 4),
(623, 176, '321', 7, 10, 5),
(624, 414, '456', 29, 3, 1),
(625, 97, '117', 1, 5, 7),
(626, 250, '304', 8, 10, 16),
(627, 40, '49', 18, 8, 7),
(628, 54, '438', 21, 1, 18),
(629, 380, '425', 3, 7, 9),
(630, 21, '29', 31, 6, 15),
(631, 40, '126', 35, 6, 11),
(632, 160, '222', 1, 5, 10),
(633, 140, '343', 3, 7, 16),
(634, 38, '464', 19, 5, 5),
(635, 330, '415', 8, 10, 9),
(636, 57, '118', 34, 5, 1),
(637, 48, '194', 16, 8, 17),
(638, 184, '286', 27, 1, 1),
(639, 359, '419', 18, 8, 12),
(640, 130, '152', 30, 2, 5),
(641, 4, '34', 5, 9, 5),
(642, 126, '138', 33, 6, 3),
(643, 238, '254', 38, 6, 19),
(644, 32, '113', 12, 8, 13),
(645, 23, '25', 7, 10, 19),
(646, 139, '230', 11, 8, 7),
(647, 145, '414', 23, 3, 1),
(648, 122, '324', 38, 6, 15),
(649, 317, '438', 29, 3, 14),
(650, 67, '95', 21, 1, 10),
(651, 114, '117', 40, 2, 17),
(652, 98, '254', 27, 1, 3),
(653, 52, '187', 5, 9, 4),
(654, 249, '433', 22, 3, 9),
(655, 126, '249', 27, 1, 9),
(656, 29, '230', 30, 2, 9),
(657, 11, '129', 5, 9, 12),
(658, 25, '53', 26, 9, 2),
(659, 36, '106', 25, 4, 12),
(660, 46, '111', 21, 1, 7),
(661, 124, '131', 9, 5, 15),
(662, 96, '446', 4, 8, 7),
(663, 422, '449', 19, 5, 7),
(664, 98, '376', 14, 2, 19),
(665, 13, '71', 18, 8, 14),
(666, 187, '192', 21, 1, 19),
(667, 43, '136', 3, 7, 13),
(668, 307, '492', 17, 8, 14),
(669, 61, '236', 39, 7, 20),
(670, 211, '252', 26, 9, 7),
(671, 340, '398', 9, 5, 3),
(672, 28, '458', 38, 6, 14),
(673, 1, '4', 7, 10, 17),
(674, 5, '15', 38, 6, 6),
(675, 47, '237', 1, 5, 11),
(676, 5, '34', 30, 2, 9),
(677, 187, '323', 23, 3, 7),
(678, 172, '291', 9, 5, 19),
(679, 176, '359', 18, 8, 2),
(680, 18, '55', 8, 10, 8),
(681, 200, '340', 37, 3, 17),
(682, 12, '19', 12, 8, 16),
(683, 161, '169', 8, 10, 12),
(684, 30, '248', 12, 8, 2),
(685, 125, '395', 5, 9, 9),
(686, 49, '211', 21, 1, 2),
(687, 112, '154', 40, 2, 10),
(688, 207, '317', 2, 8, 11),
(689, 243, '316', 19, 5, 3),
(690, 198, '209', 24, 8, 12),
(691, 141, '176', 5, 9, 6),
(692, 149, '193', 13, 7, 14),
(693, 7, '330', 23, 3, 6),
(694, 20, '122', 16, 8, 7),
(695, 102, '151', 8, 10, 15),
(696, 47, '458', 23, 3, 3),
(697, 250, '442', 1, 5, 6),
(698, 359, '398', 4, 8, 8),
(699, 21, '57', 1, 5, 9),
(700, 90, '181', 5, 9, 12),
(701, 33, '50', 25, 4, 5),
(702, 333, '472', 18, 8, 7),
(703, 70, '473', 38, 6, 2),
(704, 146, '279', 39, 7, 1),
(705, 115, '276', 33, 6, 17),
(706, 109, '172', 27, 1, 17),
(707, 135, '175', 8, 10, 2),
(708, 37, '38', 24, 8, 20),
(709, 7, '280', 35, 6, 4),
(710, 243, '488', 31, 6, 14),
(711, 131, '204', 17, 8, 15),
(712, 5, '11', 23, 3, 12),
(713, 268, '424', 1, 5, 18),
(714, 3, '8', 2, 8, 19),
(715, 401, '496', 2, 8, 8),
(716, 125, '500', 16, 8, 18),
(717, 21, '44', 9, 5, 13),
(718, 60, '266', 40, 2, 9),
(719, 176, '489', 37, 3, 8),
(720, 33, '33', 15, 8, 18),
(721, 208, '282', 31, 6, 18),
(722, 68, '83', 9, 5, 18),
(723, 207, '421', 39, 7, 16),
(724, 37, '483', 3, 7, 12),
(725, 54, '115', 6, 2, 4),
(726, 272, '411', 39, 7, 3),
(727, 1, '1', 28, 3, 12),
(728, 13, '348', 21, 1, 8),
(729, 122, '307', 23, 3, 1),
(730, 15, '15', 8, 10, 11),
(731, 15, '33', 29, 3, 17),
(732, 151, '213', 8, 10, 4),
(733, 156, '160', 5, 9, 2),
(734, 170, '329', 4, 8, 3),
(735, 45, '323', 16, 8, 20),
(736, 13, '124', 39, 7, 17),
(737, 11, '243', 22, 3, 9),
(738, 159, '322', 29, 3, 3),
(739, 62, '354', 1, 5, 4),
(740, 103, '297', 3, 7, 19),
(741, 56, '460', 24, 8, 6),
(742, 0, '79', 5, 9, 7),
(743, 67, '217', 36, 7, 10),
(744, 249, '263', 27, 1, 5),
(745, 215, '463', 18, 8, 10),
(746, 82, '420', 6, 2, 11),
(747, 104, '381', 23, 3, 3),
(748, 23, '46', 35, 6, 13),
(749, 146, '318', 4, 8, 7),
(750, 178, '191', 39, 7, 13),
(751, 105, '229', 33, 6, 19),
(752, 79, '364', 26, 9, 16),
(753, 258, '307', 40, 2, 8),
(754, 20, '155', 5, 9, 5),
(755, 8, '40', 15, 8, 12),
(756, 245, '439', 22, 3, 11),
(757, 66, '247', 17, 8, 2),
(758, 152, '184', 15, 8, 2),
(759, 251, '282', 32, 10, 20),
(760, 106, '113', 8, 10, 3),
(761, 202, '332', 37, 3, 7),
(762, 22, '75', 4, 8, 9),
(763, 216, '228', 38, 6, 6),
(764, 176, '250', 3, 7, 10),
(765, 185, '346', 16, 8, 16),
(766, 62, '323', 17, 8, 19),
(767, 24, '335', 4, 8, 15),
(768, 56, '342', 4, 8, 10),
(769, 14, '177', 28, 3, 12),
(770, 40, '47', 19, 5, 13),
(771, 445, '484', 40, 2, 10),
(772, 75, '137', 37, 3, 20),
(773, 199, '405', 4, 8, 10),
(774, 134, '218', 20, 5, 18),
(775, 199, '378', 40, 2, 2),
(776, 108, '138', 40, 2, 16),
(777, 224, '441', 35, 6, 19),
(778, 203, '446', 37, 3, 9),
(779, 271, '350', 11, 8, 4),
(780, 478, '485', 25, 4, 20),
(781, 81, '209', 18, 8, 12),
(782, 399, '500', 22, 3, 19),
(783, 146, '441', 10, 4, 8),
(784, 30, '287', 25, 4, 10),
(785, 249, '298', 27, 1, 19),
(786, 11, '33', 29, 3, 5),
(787, 13, '37', 16, 8, 15),
(788, 7, '83', 12, 8, 16),
(789, 50, '318', 21, 1, 18),
(790, 119, '487', 39, 7, 4),
(791, 48, '132', 26, 9, 11),
(792, 108, '117', 11, 8, 15),
(793, 441, '474', 18, 8, 8),
(794, 186, '385', 24, 8, 14),
(795, 17, '35', 24, 8, 6),
(796, 56, '64', 10, 4, 8),
(797, 113, '489', 33, 6, 9),
(798, 35, '40', 26, 9, 14),
(799, 456, '459', 17, 8, 14),
(800, 48, '329', 16, 8, 8),
(801, 85, '124', 9, 5, 15),
(802, 79, '124', 34, 5, 1),
(803, 110, '161', 21, 1, 15),
(804, 27, '63', 24, 8, 2),
(805, 347, '462', 28, 3, 4),
(806, 340, '347', 35, 6, 4),
(807, 67, '70', 26, 9, 5),
(808, 67, '222', 24, 8, 8),
(809, 283, '307', 18, 8, 5),
(810, 32, '168', 24, 8, 1),
(811, 394, '497', 15, 8, 5),
(812, 283, '291', 11, 8, 14),
(813, 119, '190', 18, 8, 1),
(814, 237, '483', 18, 8, 16),
(815, 13, '31', 30, 2, 3),
(816, 351, '450', 3, 7, 3),
(817, 299, '352', 40, 2, 3),
(818, 162, '343', 29, 3, 4),
(819, 207, '231', 1, 5, 1),
(820, 86, '97', 32, 10, 18),
(821, 155, '164', 28, 3, 9),
(822, 138, '256', 24, 8, 13),
(823, 12, '24', 16, 8, 3),
(824, 8, '9', 1, 5, 6),
(825, 92, '301', 8, 10, 6),
(826, 116, '212', 13, 7, 19),
(827, 11, '246', 35, 6, 14),
(828, 178, '426', 34, 5, 3),
(829, 47, '53', 34, 5, 2),
(830, 231, '389', 39, 7, 6),
(831, 29, '344', 16, 8, 4),
(832, 174, '306', 19, 5, 10),
(833, 80, '469', 19, 5, 19),
(834, 274, '417', 31, 6, 10),
(835, 108, '225', 19, 5, 7),
(836, 182, '264', 22, 3, 8),
(837, 11, '252', 1, 5, 3),
(838, 104, '263', 34, 5, 11),
(839, 71, '350', 17, 8, 12),
(840, 3, '6', 12, 8, 18),
(841, 173, '224', 23, 3, 4),
(842, 31, '220', 36, 7, 12),
(843, 82, '254', 25, 4, 17),
(844, 83, '443', 13, 7, 17),
(845, 218, '371', 1, 5, 4),
(846, 105, '262', 12, 8, 5),
(847, 134, '466', 3, 7, 7),
(848, 31, '32', 2, 8, 20),
(849, 197, '338', 21, 1, 16),
(850, 356, '434', 9, 5, 5),
(851, 53, '89', 7, 10, 11),
(852, 165, '431', 8, 10, 14),
(853, 100, '227', 33, 6, 17),
(854, 150, '300', 10, 4, 9),
(855, 145, '220', 2, 8, 6),
(856, 138, '248', 3, 7, 14),
(857, 71, '125', 7, 10, 18),
(858, 22, '27', 24, 8, 1),
(859, 289, '367', 37, 3, 20),
(860, 33, '287', 35, 6, 2),
(861, 225, '453', 25, 4, 2),
(862, 189, '482', 32, 10, 8),
(863, 26, '318', 40, 2, 15),
(864, 339, '373', 17, 8, 6),
(865, 66, '123', 18, 8, 16),
(866, 167, '225', 18, 8, 11),
(867, 14, '174', 22, 3, 5),
(868, 39, '107', 31, 6, 7),
(869, 27, '223', 37, 3, 12),
(870, 4, '25', 7, 10, 20),
(871, 265, '477', 28, 3, 1),
(872, 29, '185', 37, 3, 10),
(873, 137, '356', 39, 7, 20),
(874, 89, '420', 38, 6, 2),
(875, 182, '247', 19, 5, 20),
(876, 42, '290', 1, 5, 6),
(877, 130, '260', 19, 5, 18),
(878, 132, '495', 3, 7, 3),
(879, 96, '141', 31, 6, 15),
(880, 62, '182', 10, 4, 1),
(881, 206, '463', 28, 3, 12),
(882, 232, '489', 2, 8, 12),
(883, 185, '488', 2, 8, 5),
(884, 44, '206', 6, 2, 10),
(885, 85, '333', 35, 6, 20),
(886, 182, '275', 2, 8, 7),
(887, 296, '470', 19, 5, 8),
(888, 22, '175', 13, 7, 11),
(889, 85, '427', 40, 2, 11),
(890, 22, '301', 19, 5, 3),
(891, 212, '354', 26, 9, 1),
(892, 1, '5', 40, 2, 7),
(893, 62, '97', 14, 2, 15),
(894, 240, '265', 3, 7, 17),
(895, 227, '443', 38, 6, 20),
(896, 301, '320', 26, 9, 1),
(897, 459, '499', 31, 6, 16),
(898, 171, '207', 6, 2, 4),
(899, 155, '459', 6, 2, 4),
(900, 87, '168', 1, 5, 19),
(901, 274, '393', 3, 7, 13),
(902, 18, '78', 12, 8, 11),
(903, 138, '243', 19, 5, 13),
(904, 245, '331', 18, 8, 14),
(905, 42, '143', 36, 7, 19),
(906, 176, '246', 37, 3, 10),
(907, 77, '170', 28, 3, 12),
(908, 7, '456', 37, 3, 3),
(909, 206, '421', 18, 8, 9),
(910, 193, '280', 23, 3, 18),
(911, 44, '172', 15, 8, 10),
(912, 74, '220', 13, 7, 5),
(913, 132, '459', 40, 2, 20),
(914, 32, '160', 27, 1, 4),
(915, 26, '38', 33, 6, 7),
(916, 29, '279', 27, 1, 5),
(917, 109, '167', 13, 7, 17),
(918, 150, '467', 14, 2, 12),
(919, 9, '261', 26, 9, 3),
(920, 4, '23', 3, 7, 13),
(921, 152, '391', 20, 5, 12),
(922, 1, '4', 14, 2, 12),
(923, 15, '139', 10, 4, 18),
(924, 44, '212', 37, 3, 17),
(925, 157, '232', 24, 8, 8),
(926, 11, '20', 29, 3, 9),
(927, 146, '360', 27, 1, 15),
(928, 21, '409', 13, 7, 19),
(929, 41, '155', 22, 3, 14),
(930, 158, '254', 4, 8, 8),
(931, 44, '69', 25, 4, 20),
(932, 68, '280', 27, 1, 16),
(933, 121, '390', 17, 8, 9),
(934, 85, '319', 19, 5, 14),
(935, 43, '92', 28, 3, 9),
(936, 17, '157', 6, 2, 14),
(937, 195, '215', 36, 7, 3),
(938, 80, '92', 30, 2, 18),
(939, 22, '257', 26, 9, 2),
(940, 148, '157', 37, 3, 15),
(941, 18, '149', 11, 8, 4),
(942, 339, '363', 9, 5, 8),
(943, 219, '252', 27, 1, 14),
(944, 33, '102', 27, 1, 12),
(945, 3, '164', 37, 3, 14),
(946, 178, '325', 4, 8, 15),
(947, 36, '212', 10, 4, 10),
(948, 281, '293', 23, 3, 2),
(949, 400, '476', 31, 6, 2),
(950, 228, '335', 8, 10, 17),
(951, 210, '236', 40, 2, 20),
(952, 57, '139', 34, 5, 11),
(953, 9, '351', 30, 2, 11),
(954, 268, '403', 34, 5, 3),
(955, 137, '221', 29, 3, 11),
(956, 243, '277', 24, 8, 3),
(957, 218, '275', 16, 8, 20),
(958, 97, '207', 11, 8, 4),
(959, 184, '426', 24, 8, 20),
(960, 92, '238', 5, 9, 17),
(961, 45, '258', 21, 1, 13),
(962, 29, '402', 5, 9, 5),
(963, 17, '62', 38, 6, 7),
(964, 191, '304', 9, 5, 15),
(965, 93, '171', 24, 8, 15),
(966, 19, '23', 31, 6, 19),
(967, 210, '344', 9, 5, 19),
(968, 46, '74', 19, 5, 12),
(969, 298, '355', 26, 9, 2),
(970, 46, '99', 7, 10, 11),
(971, 2, '204', 38, 6, 8),
(972, 2, '466', 17, 8, 9),
(973, 131, '215', 22, 3, 3),
(974, 334, '352', 35, 6, 19),
(975, 24, '200', 38, 6, 3),
(976, 86, '104', 24, 8, 18),
(977, 36, '63', 26, 9, 8),
(978, 252, '385', 39, 7, 8),
(979, 79, '153', 5, 9, 16),
(980, 152, '152', 2, 8, 7),
(981, 337, '499', 20, 5, 20),
(982, 363, '378', 29, 3, 16),
(983, 379, '387', 16, 8, 5),
(984, 160, '318', 16, 8, 18),
(985, 32, '51', 19, 5, 8),
(986, 86, '98', 13, 7, 11),
(987, 5, '253', 23, 3, 16),
(988, 158, '244', 24, 8, 16),
(989, 95, '311', 2, 8, 7),
(990, 28, '130', 9, 5, 7),
(991, 118, '448', 38, 6, 2),
(992, 243, '318', 36, 7, 8),
(993, 175, '265', 34, 5, 15),
(994, 205, '205', 20, 5, 3),
(995, 171, '428', 20, 5, 19),
(996, 134, '372', 7, 10, 2),
(997, 369, '441', 34, 5, 17),
(998, 65, '191', 28, 3, 12),
(999, 217, '243', 26, 9, 13),
(1000, 26, '41', 23, 3, 10);

-- --------------------------------------------------------

--
-- Table structure for table `users`
--
-- Creation: Jan 20, 2015 at 04:31 AM
--

DROP TABLE IF EXISTS `users`;
CREATE TABLE IF NOT EXISTS `users` (
  `id` int(11) NOT NULL AUTO_INCREMENT,
  `username` varchar(45) COLLATE utf8mb4_bin NOT NULL,
  `email` varchar(45) COLLATE utf8mb4_bin NOT NULL,
  `phone` varchar(45) COLLATE utf8mb4_bin NOT NULL,
  `company_id` int(11) DEFAULT NULL,
  `group_id` text COLLATE utf8mb4_bin,
  `is_admin` binary(1) DEFAULT '0',
  `is_locked` binary(1) DEFAULT '0',
  `attempts` int(11) DEFAULT '0',
  `password` varchar(255) COLLATE utf8mb4_bin NOT NULL,
  `plainpassword` varchar(255) COLLATE utf8mb4_bin NOT NULL,
  PRIMARY KEY (`id`),
  UNIQUE KEY `username_UNIQUE` (`username`),
  UNIQUE KEY `email_UNIQUE` (`email`),
  UNIQUE KEY `phone_UNIQUE` (`phone`),
  KEY `fk_users_company_idx` (`company_id`)
) ENGINE=InnoDB  DEFAULT CHARSET=utf8mb4 COLLATE=utf8mb4_bin AUTO_INCREMENT=151 ;

--
-- Dumping data for table `users`
--

INSERT INTO `users` (`id`, `username`, `email`, `phone`, `company_id`, `group_id`, `is_admin`, `is_locked`, `attempts`, `password`, `plainpassword`) VALUES
(1, 'mike1', 'Pauline.Rutherford@example.com', '1799082498', 1, '40', '1', '0', 0, '$2y$10$.2HvB34Gq18DtAaXv64ezepd.ID4BofNP4S1w7eNeabEsjt8i2S4e', 'password1234'),
(2, 'mike2', 'Bernhard.Sim@example.org', '1736196555', 2, '7', '1', '0', 0, '$2y$10$UQNCX0TqDWJKKVl9ZVnSou6kfiUJW9GX1Bc4kVLd3kKWzm4fKnBLe', 'password1234'),
(3, 'mike3', 'Elisa05@example.org', '7458786819', 3, '38', '1', '0', 0, '$2y$10$DdWnnmJpeE6B0nruKJ55puSreoFSI7mamO8f0UhrxO.oTjUC9P7N.', 'password1234'),
(4, 'mike4', 'Eve.Huels@example.net', '2271830859', 4, '36', '1', '0', 0, '$2y$10$kNeAAUvUHWs7o3sCI9Xzt.CsDiOp2S2zGGu1ZOl0beN1gQG7ba4W.', 'password1234'),
(5, 'mike5', 'Effertz.Marcellus@example.net', '3025720342', 5, '24', '1', '0', 0, '$2y$10$G/xVROwyUpKGg4syDFZIaeyLrdqcj2gDvV2OubCvg3F.CbU5QVEJu', 'password1234'),
(6, 'mike6', 'Jamarcus.Bayer@example.net', '5443640094', 6, '28', '1', '0', 0, '$2y$10$GaWWj29rhGM9rSQttjNSmuBwFMlHoaEDeCk1E.QQ.5qZNzz6UGb8u', 'password1234'),
(7, 'mike7', 'Chyna51@example.net', '6974408987', 7, '33', '1', '0', 0, '$2y$10$aDkzrMklWpe54QjVFIFaxeno32PlizzLmZpHj3bo3/bDss1oLAGpq', 'password1234'),
(8, 'mike8', 'Brian.Marks@example.net', '7694106457', 8, '26', '1', '0', 0, '$2y$10$LdUKjRmz2YGTI7d1dAnnUeaLtUSsWZzH7YiJ8q1zZOCuZeb67ueQW', 'password1234'),
(9, 'mike9', 'Westley.Mayer@example.org', '0729979467', 9, '40', '1', '0', 0, '$2y$10$Xvd0fQcosOJr5TOfSc1swuhzdQLfRQLXWEEtGHdnZNYzPpfiG6MCO', 'password1234'),
(10, 'tWeissnat', 'DuBuque.Jennifer@example.com', '4614965704', 9, '35', '0', '0', 0, '$2y$10$WZr9cRw4UuBIa7kCKrV5oeCIjaitOYkHCrTP2qUt7A0u8gs8Liy16', 'l{tQG`sY'),
(11, 'fMurazik', 'Ora50@example.com', '8342050110', 3, '4', '0', '0', 0, '$2y$10$8heBEN3VxxmyFUwPRfHvwOyXnWl8hTCPwmJ0IoOagUlGJn7Hukns2', 'nrnyrqrO~eBE`.t'),
(12, 'Connor.Glover', 'Beer.Enoch@example.com', '7153687534', 1, '34', '0', '0', 0, '$2y$10$2kmjxNcwn2P1xGTvTojBN.LkfN87/6Jdnhn7QZLfGbc8ipx/CY6AO', 'gpta+''''/P'),
(13, 'Barrows.Bianka', 'Angelo00@example.net', '1238308347', 7, '1', '0', '0', 0, '$2y$10$ewSUtSyx3kPcAH.dxq/PPu7eMzDJCxpQgPKbNKfu1X2/yqx70Wr76', '1s7aC!'),
(14, 'Queen44', 'Brielle.Lind@example.org', '0459311929', 5, '2', '0', '0', 0, '$2y$10$HBCZ.fByOp4dYfo5SkVi2eK4M.zBXY7emXwWku6DCibK6UYv59Cc2', 'rEJe*`>HW;@7'),
(15, 'Veum.Jaida', 'Gail23@example.com', '5510241478', 2, '33', '0', '0', 0, '$2y$10$Le.tpxioj64uUR.VnpeCQOb0lvqUyZK9gT34ZxHIRzC6c5ubUKeCm', 'n%Q7Ms'),
(16, 'Bo.Kuphal', 'xRunte@example.org', '9902721930', 4, '4', '0', '0', 0, '$2y$10$A2FgxRFcHq4dFJW./4MFR.R8a8fmWIQy6vfyJPaNexyI/QuvHnWay', '/$",B-V63&jQ'),
(17, 'Clara.Prosacco', 'Bayer.Raheem@example.org', '8547688165', 10, '35', '0', '0', 0, '$2y$10$crqQQsus6AYof6Y2CMpBH.7u0exwZpjfnogK95IE09PGt4Ej2Nhxa', '-D|4~9'),
(18, 'uCruickshank', 'sDibbert@example.net', '8274677237', 2, '35', '0', '0', 0, '$2y$10$/YM30JDQTjxc0vFduoq1N.KVEwV94AaAaN0QDrb8QoieDRX5P4Y/m', 'rDGH?=K[JeFwk'),
(19, 'Nadia43', 'Krajcik.Caroline@example.net', '0987055029', 3, '27', '0', '0', 0, '$2y$10$ycLPiI7kUy0/4UFHW8n91utnozkkuUQHHO1UnzS5YkM6dFs41kPSu', 'N^DkLRUx'),
(20, 'wDonnelly', 'Runolfsdottir.Elisabeth@example.org', '6503313403', 9, '35', '0', '0', 0, '$2y$10$jA25j6ycyjadFc.tMkAIcuQOkNLnLgm7WS.bIZwpA.d1Qm3nE065O', 'q_V?pJq1``XCPPvq~p%T'),
(21, 'Alisa88', 'Mayra.Zemlak@example.net', '9163747177', 9, '13', '0', '0', 0, '$2y$10$IVsy2nnGxf3Yj7MevCKTheQ4kI2dJPBx629ID5eE7qswEnWEKNIOG', 'Y&M5Nlu'),
(22, 'Robb.Carroll', 'Ova37@example.net', '4064896328', 2, '36', '0', '0', 0, '$2y$10$3RJ/ttMwjZnVN0..SnEMS.AdQfRFA1YhXTZq208kf5KiR9aST.wgG', 'fSJ@k*'),
(23, 'Gutmann.Kira', 'Darrion.Flatley@example.org', '7616204066', 9, '38', '0', '0', 0, '$2y$10$ZWQd2x8AdPlBRQYT5poRTOaScmqKkIEVEdTUtN16PuFOQV5BW7EMW', '$PglXVu1[~w{CmU1H1R'),
(24, 'Ortiz.Alphonso', 'cSchimmel@example.org', '0932366144', 6, '37', '0', '0', 0, '$2y$10$.O3hVPX9JSXzNdgI0kww1uF9GD6NrWx9Hqk5YO/PNprk5QyrddCBu', '!I8ji+;'),
(25, 'Maegan30', 'Lisette80@example.org', '5008880756', 8, '26', '0', '0', 0, '$2y$10$La5nnFi5wZEtP3Qq1y9/vOLhzlQTt7NbFfA6omRKedsOSvXHNRVMC', 'Q`@Fd1hQE%-'),
(26, 'hHansen', 'cRatke@example.org', '7263071333', 8, '11', '0', '0', 0, '$2y$10$8lswogNZEts18vsHd5cND.efoKj4JI3EYU68xdrF7mkneKRxpa3o6', '77ti}/2mu-\\\\ee!g?'),
(27, 'OConner.Rowland', 'Guadalupe.Bergstrom@example.com', '0595879261', 3, '40', '0', '0', 0, '$2y$10$nAvC6FMrPEkrXdfgnqy1K.n68G4Ovt.jkEQgcCYfAKSWyOkyGjSz.', 'TQF^j%\\I'),
(28, 'Tomasa.Nolan', 'Arnoldo.Heller@example.net', '5578453775', 3, '25', '0', '0', 0, '$2y$10$8BNrTlQO4DSNoTPneLWpou1keLZxqWZlxNhbQL/Jn0FvDqLyS2IZi', 'EIWoxxju*qOWFNAfc_gU'),
(29, 'Fay.Mallory', 'tCrona@example.com', '5143725436', 6, '27', '0', '0', 0, '$2y$10$iGBlzJSy5Aui8CjjNtSe5u2LzYpicDLIueVrpuYHwmkVUvLm1DzmK', 'X",YFY\\4gq'),
(30, 'Ernestine56', 'Sabrina.Legros@example.com', '8490662286', 3, '27', '0', '0', 0, '$2y$10$9krWuh9kCQ1dY5nl9kPt.Ogl5lqZDUFSb5KrX6KWIHcFzOn4n7u82', '(bj_Df'),
(31, 'Glenda19', 'Murphy.Sabina@example.org', '3576335554', 4, '16', '0', '0', 0, '$2y$10$7PZ1ygsEl6s8zwMMV/RnA.86WBtl6fpl/RDzt5HCQQ121xYGKI8AK', 'f4\\6LWY`tSI{vuE'),
(32, 'Tre16', 'Funk.Ana@example.net', '9445251956', 1, '20', '0', '0', 0, '$2y$10$Yr4n/MZx38ufjzdSnqNiB.vBhNMx4fP3r5YXlT.O1UGwIQtQk5MJq', 't8"txPfD'),
(33, 'Nyasia.Bailey', 'sBechtelar@example.org', '8603705148', 2, '20', '0', '0', 0, '$2y$10$qIAqxIOAdY0RHY3YXnNtu.jP4qmzNNSUoiyXqvmiXL.r815RqcNae', ':2|oU!Y.&k'),
(34, 'Rolfson.Alia', 'vGrant@example.com', '7971769203', 3, '16', '0', '0', 0, '$2y$10$dS9UpNHjxOJYdKPCiXM4ae25UdXfQZmvGdR7I0WDkg9SzC9RvUOji', ',p5i%f]\\zk[Z?+W'),
(35, 'Emmalee06', 'Larson.Dandre@example.net', '9091678985', 6, '35', '0', '0', 0, '$2y$10$OHX5yYve.6zrnzuwGbYIoe/JKIROts6/vDAHuGBhSdcwwhQIG9LeK', 'hm}?@sS//R#}YL5)='),
(36, 'yQuigley', 'pSchmitt@example.org', '8356861810', 10, '10', '0', '0', 0, '$2y$10$WQg.MYvbhbue9gvEtIH6uuWA15e2BboIeP72J3v1gq6TEP7aRc4De', '''s>+24F;'),
(37, 'Herman.Torey', 'Dooley.Kendra@example.org', '6921695092', 2, '28', '0', '0', 0, '$2y$10$9ZMCxWzoWWeecShuhlrdEudnWOxwLOMu5VmnAJSjpvZa0L3r0KADW', '"r6MeN`b%2aZl9'),
(38, 'Eileen.Grant', 'iPowlowski@example.com', '6032808425', 8, '6', '0', '0', 0, '$2y$10$ZDkdLoepwv6mOGLogQGQT.RHgacMpFsc0l4muBuncCN/mUvilNFgq', '6-K-K&Ri!eN3uUxVZTa'),
(39, 'sWatsica', 'Bernhard.Rae@example.org', '9395540778', 3, '29', '0', '0', 0, '$2y$10$Gbtz5rBGIJ67pbmF31vDWuHoB8obwVb8xIixc8HgQymal9wGmqjOW', '5wt:ASX'),
(40, 'Ray.Hagenes', 'Jacobson.Geraldine@example.net', '9044876606', 7, '40', '0', '0', 0, '$2y$10$UXzb4taFOV7yCczpUxhXK.Q61KAYzBD6tLqK6fQOFP2IHujLV0qWK', '\\SMMGNOs'),
(41, 'Estell07', 'Dorris94@example.org', '8185668660', 9, '22', '0', '0', 0, '$2y$10$AzYKgkJkYgvvUv25zWLJUu4gSBv0XUz.B/qlRiICPAmW7E1u3z2o2', 'QgX?GPHna9U'),
(42, 'kMcKenzie', 'qWatsica@example.org', '4810732366', 7, '40', '0', '0', 0, '$2y$10$t7JNhCARqCK8miV4fv.OaeZvyVA8lklcnQlHFA3s9nAMDTKit5UjW', 'lL8WWJ7fzn[SSBy'),
(43, 'Addison.Denesik', 'Dewitt20@example.net', '1151373195', 4, '40', '0', '0', 0, '$2y$10$w6hqh4tRaGgjAwlFHoJ9N.XyE7B83pTO7JV83SHOFG0an6SwK3rmG', 'k#%U3a0z/N`V-3d6yO'),
(44, 'Casandra26', 'Alexys.Kozey@example.com', '5062774729', 6, '36', '0', '0', 0, '$2y$10$kAkcszpBkZlQBx09jnzPIuYoTy03HZqnIDoN.V2HWiLJkc26IrVva', 'cH~0";H+MYUz;'),
(45, 'Hickle.Isai', 'Earnestine86@example.com', '5117911496', 8, '26', '0', '0', 0, '$2y$10$G2C4iQh6jVCvGOhDZY9jSOEP4DyccL6.sVdu8oP.KLAQktHakkiLG', '\\SVO(''lgb%jOw#>NxgF'),
(46, 'Tromp.Joshua', 'uWaters@example.com', '1468397025', 10, '32', '0', '0', 0, '$2y$10$Be8l8nk/iSy/xs18hmvryO1/kaDJwk3dje.VAojd2Wn/sX0teE.fW', 'XeG>$r1'),
(47, 'Lucious.Cruickshank', 'bConsidine@example.net', '9404937197', 5, '14', '0', '0', 0, '$2y$10$KHpwdtACedzaqZOj/U7n3uxatnT8xHARWzlKdBxPPDMETBr8iiZqi', 'R%%Ro8n(kX'),
(48, 'Mikel.Goodwin', 'Hegmann.Maudie@example.net', '0732673081', 9, '20', '0', '0', 0, '$2y$10$.cjYEEHibSq2JAAILGQ8GuUYYO.VJy2AbxpCmfrwZ/5okIy/T0lxS', 'Mv!;<Sn\\32b[X'),
(49, 'Esperanza.Barton', 'pOndricka@example.net', '5835993571', 2, '15', '1', '0', 0, '$2y$10$DbNd9v9HMSKdbhpn1WCcqufx4ViK/zGHpN472Elhf8wlASryTQd46', '/4tN%GY$$'),
(50, 'Lue69', 'Mya.Hickle@example.org', '0813719942', 4, '22', '0', '0', 0, '$2y$10$im6jLGKbIGSo76g8TJQuqu8Z8fzcfU32rKf3It9lprig2XYoojv4C', 'NMne2S_g]*.<'),
(51, 'Christine36', 'Sydni.Gislason@example.com', '3967927251', 5, '26', '0', '0', 0, '$2y$10$PdfhxgJH7J5gQu1rxVqR/.yqKQhRM4CrdVPa0trxyPTLOpeaT2U6u', '{/xtTBOZ$E~:(<_+/*'),
(52, 'Schowalter.Darby', 'Ken49@example.com', '3148031527', 8, '31', '0', '0', 0, '$2y$10$WMRA91e2YZvQFibZBey4TeVVWCvyLv5YuNBHyXyCE9gb5USFvdByi', 'mu]`Td<X8w'),
(53, 'Araceli05', 'mReynolds@example.org', '1282330020', 1, '35', '0', '0', 0, '$2y$10$6QQu6NBsA00nBEittEnWYuGTo8AXnCXGboUGdpuLihXT2qH3hKN2O', '0v6lJq0;![K'),
(54, 'Donavon01', 'Lorna.Ebert@example.org', '2049447330', 1, '24', '0', '0', 0, '$2y$10$/Dm4priJU4vKfLS1ZuAD.e0cUOIWqY/4Pi.SKptl4Bm7REiBVKt26', 'u;L2h#'),
(55, 'Katlyn.Thompson', 'Rick56@example.org', '7507840950', 1, '23', '0', '0', 0, '$2y$10$GQFIDBqmOeQUuR4zuusahupRcjxOow9MpOfI4OHgq332a70tFZdbO', '#iZ2`kJ|/7ZCn+&vY>'),
(56, 'Connie80', 'Rowe.Modesto@example.com', '8007789210', 6, '32', '0', '0', 0, '$2y$10$2KPLqs8DyG9ejqm80XgEB.001Ki5Gi0pjBu10bLp//kp4Go1YyfS2', 'V[36fk'),
(57, 'Kristofer61', 'Miller.Elfrieda@example.net', '2479093956', 4, '34', '0', '0', 0, '$2y$10$Wjz5409xTSPzwOHLZ7iMjuiU7nIHS4b9us3xwIoyt5g8BGQ.bLlb2', 'Ov;m=G}1-!mYwlSy'),
(58, 'Feeney.Julianne', 'Sunny25@example.com', '4992415420', 7, '39', '0', '0', 0, '$2y$10$kCKenT/cOgzz2w51v0LeWu0SYU37PIQGTNrxw4.kzegBkgw2hUbgi', 'Qyj*"_Y='),
(59, 'Ankunding.Kenyatta', 'hEbert@example.com', '3516040544', 10, '12', '0', '0', 0, '$2y$10$.jIRT6LKA3/qCcm8fq.Gd.TSo9ZzLINTc73svcUSmTn9jiJ46v14W', 'tUH,Knl[a=0zx9'),
(60, 'Clair.Weissnat', 'Ruth34@example.net', '6327170377', 4, '29', '0', '0', 0, '$2y$10$sUsbAixOJQ5Y4eYep1G9bOLaNFOrkK5sdEIaiyU1yYwXGnUVHQagO', '{\\aP<t'),
(61, 'Keshawn.Gleason', 'aProhaska@example.net', '0976981149', 5, '20', '0', '0', 0, '$2y$10$WIeXDvuDGNVwVtZmjAx/kur8PW/6rsfSjlpjg9rrCcqNaMzCA52MG', '+}4IQeLua&T;rW@'),
(62, 'jStanton', 'iKilback@example.net', '2613538818', 3, '11', '0', '0', 0, '$2y$10$baCr3Pqqig46Y12sOM8Gq.fc7j8BiCfvubBt22D0vyV7yOcniiZwa', 'F3,BZx1;K~z'),
(63, 'Raven.Davis', 'Reese.Mayert@example.net', '7244634548', 5, '37', '0', '0', 0, '$2y$10$3Dxy.EtcYgOxviXGsH/TdeFTfmz.WAo5cCNRW6MD96t7AEVqKRbA.', '#6U5?y''E~;QF'),
(64, 'Everette.Shields', 'Klein.Blair@example.net', '9189431122', 7, '4', '0', '0', 0, '$2y$10$IrLexsR1xs.XUilHaqzpb.sGqcIgCWVjBETMXmo3de4mez4mGwStq', '^Urq3ks'),
(65, 'Javonte.Haley', 'Gaylord.Maritza@example.org', '5668431737', 5, '25', '1', '0', 0, '$2y$10$n1jgT306MauKejqEWGw8sOKXsxGh0oZ/OKaC.Mi2XB/3ISE8avhOW', 'RG`hLdks,$&'),
(66, 'Runolfsson.Quincy', 'Gorczany.Zelma@example.net', '4244648809', 7, '1', '0', '0', 0, '$2y$10$wnQpMVqD2K4vTkrAS8weuukLdoGGaOmbHu9gdpOJSzfY8gu3YgsN2', 'D{w]6.HcM'),
(67, 'dGrimes', 'Juston.Johnston@example.net', '4507529009', 4, '28', '0', '0', 0, '$2y$10$KOHh.uZAAsfeZlOZm0T3aOoTTxAW8y4v.0bAkvfG3oB0MKOFmNk.W', 'hV=\\re~>SYIl^?ja4'),
(68, 'Arthur.Maggio', 'Brandyn.Rath@example.org', '3153580150', 1, '35', '0', '0', 0, '$2y$10$vFc8Xw2fv87NojDR.IByO.OjER6.urklQBb/foNLNJPSWayR7gZDG', 'Z<~[G4c;._~H&'),
(69, 'Rohan.Demario', 'Itzel.Rippin@example.net', '0942498050', 6, '24', '0', '0', 0, '$2y$10$HekQiSncg7F/3ih6mc8.XewA6ESfnfldvWMowlsKZiWrGwGkQO1fm', '[7${''"htm'),
(70, 'Kihn.Evert', 'Jackie.Bashirian@example.net', '3976794548', 9, '17', '0', '0', 0, '$2y$10$xxNANEjDa.hAaMVX1KflbujUu..RZHbzRf8h52jKjscRxzlALlG/O', 'UNWF`:}${mpIJF'),
(71, 'Nyah.Quitzon', 'Zita92@example.net', '2372700551', 6, '32', '0', '0', 0, '$2y$10$doP7lzkZlAJ9KJNQisllLOXpEkPrXq1ePf7DXc4KZVxEicXi2jGWu', ',baAyP72DW\\ALqX'),
(72, 'Alexandre.Welch', 'Boyd.OHara@example.net', '8137708306', 9, '14', '0', '0', 0, '$2y$10$/yXaRfM2MhyL6gSbO9116u0xL0S4Ai8nSGNA7Gkfb0Mth6Q1DwC2K', 'taf8jJ:2H>&fm['),
(73, 'Schroeder.Horacio', 'Berge.Jarred@example.net', '9261963886', 8, '23', '1', '0', 0, '$2y$10$nmTx4Qd0upuvKOFqVGi6DOSgT09GCELuDQuRxOEefJ61k0BYQWS8i', '+_b]1P{6'),
(74, 'Jovan24', 'Hosea.Johnson@example.net', '1208307528', 1, '6', '0', '0', 0, '$2y$10$Z9SMvjp1G1wTN9UqA67ob.959l/PlY7qFP8TIBTKp2iTSTxOMg4k2', 'fs}n!W+g`hBFBy.eW'),
(75, 'Aron53', 'Jenkins.Bennie@example.com', '6759738922', 3, '5', '0', '0', 0, '$2y$10$GozO8o/nmuExEmuJ7FLBt.PmA8nWuT7QE3cHgC42GznuX84CcIN8.', 'Ah2R7a'),
(76, 'Kaleb.Hyatt', 'Catalina.Reichert@example.org', '9468116262', 7, '18', '0', '0', 0, '$2y$10$FrMhYbin127575LvD6aw8OnEWVCUrL7is9dUYknSOkrXusmDLvnKW', 'jthvogAl5L]1j3g/=tsD'),
(77, 'Kayleigh15', 'jWaelchi@example.net', '3616749198', 4, '23', '0', '0', 0, '$2y$10$57cqwL4.HhArLI43JCq7tOoW8bCABZpnwsJHrKlzkYky7Z2QG9yZm', '[O&Yhx9'''),
(78, 'Llewellyn.Lebsack', 'Elizabeth58@example.net', '0559623383', 6, '24', '0', '0', 0, '$2y$10$.dMZlcoJMfWFmBmQawibmOjfUW8POBFNPUsMmkA3T5aMJGnsyToCC', 'TN8Uecjs8&`eGWi({'),
(79, 'Greyson.Heidenreich', 'Leuschke.Ashlynn@example.org', '1490183628', 4, '40', '0', '0', 0, '$2y$10$VkGSbhNDcciITzajcllbRO.ITgH2Lgn9M2QLcg0J1A4Ultczkoary', ';}RUMi2b<F\\vtv+8SF{'),
(80, 'Jacobs.Verner', 'Schowalter.Reilly@example.net', '9361347515', 2, '26', '0', '0', 0, '$2y$10$3gGfs3KFjpSUFCTEbOMx2eW0fHzdkfPzTTBFlb9nA2nChTtyWtdtG', 'Z{o&TlJ:M5C2;"m'),
(81, 'Wilma02', 'Feil.Hiram@example.org', '6136377468', 4, '4', '0', '0', 0, '$2y$10$q85bVZlAZCE4C7MDyRCFn.AQ0dxPMC8a.4q02x..hq0wAn7z2Ge0m', '\\v0k7GAA!U$'),
(82, 'Aaliyah59', 'dKoch@example.net', '4537617589', 10, '30', '0', '0', 0, '$2y$10$AHPB0RYuSEyGEaEotvFOYeFhej3eGnM9lFpc1ITAi3hXs6A/XmNt6', '0@''mv0(8|ugHy_wv'),
(83, 'Kareem44', 'Rosenbaum.Yazmin@example.org', '5736210161', 7, '18', '0', '0', 0, '$2y$10$B0z.uEcJLxLZdOeIz38LN.iSEW81VDKYel87ey.OuvT0W7tmrj.Im', 'f}u~CyxI'':)Xha%3'),
(84, 'Warren.Erdman', 'Jana80@example.org', '9997955513', 1, '33', '0', '0', 0, '$2y$10$0/NfKeXxWifQLXEYSoINQu7HzSTu3C0LdQEoxk/708o.DY5tgGLqG', 'Bt:Dvq('),
(85, 'Osinski.Art', 'Markus.Will@example.net', '9928329596', 9, '33', '0', '0', 0, '$2y$10$A7Q/01H/izxpZDIyMkd5nO72vWsRcGTfaCVlLHhWNc2VD/ddA12S6', 'Zac?fxF%j.|O_twygg'),
(86, 'Alberto.Dietrich', 'kAbbott@example.com', '4603329955', 3, '25', '0', '0', 0, '$2y$10$3TVcOcGtZzbZJbODLeH4K.B0TXJDMrbmNsk0TNUExCZdJsbtE3w5G', '2)lV@M$D'),
(87, 'Tressie27', 'Elody.Marvin@example.com', '7584458752', 10, '37', '0', '0', 0, '$2y$10$/w4cugKPm8rNtCxIelX.bu20LS45BZg1cnaFCzH6P41V5TZEbdDmm', '=K<Shx>'),
(88, 'Kory.Hoppe', 'Pfeffer.Hollie@example.net', '9539052582', 6, '17', '0', '0', 0, '$2y$10$0MCRT/ZblIRckXwAYrL/ceAjzqXlqNUskYQrstoVkzpl2Vm2A7HnO', 'I6$8f?UVrJg#1CCMPmm'),
(89, 'Amalia.Conn', 'dHansen@example.com', '3969849984', 2, '35', '1', '0', 0, '$2y$10$BNFPJuHUD1JTDC7Mf/KvyePTL6VL9/OFqf2fPUJ035pATBYM.kiLu', '0"aKAULTsg6TjJ1'),
(90, 'Myron.Marvin', 'OKon.Winifred@example.com', '8289900264', 2, '1', '0', '0', 0, '$2y$10$LfNJR5zvT/4Qz8qvpT1pUOMGAaQaQpml9SWB5mWduwKaJoCA7.vce', '9Zr|/q;foHK:E%SE'),
(91, 'Marquardt.Margarette', 'Mina.Bradtke@example.org', '3221936763', 4, '17', '0', '0', 0, '$2y$10$5nJBnfbQfBl28.o4QWswj.e7/GXKmhxDOqmsRafDEn6WeKD0fNM9K', 'rBk#[!3'),
(92, 'Jody79', 'Jacinto11@example.org', '0468881308', 6, '15', '1', '0', 0, '$2y$10$Qbs28zDzb8/w9Mi9gE5n3.I5WpAgjfR.cR/RUJGQz40KJwY7n17Nm', '\\XDPZw;#\\&['),
(93, 'Dietrich.Tom', 'Enos.Wilderman@example.net', '7659193406', 5, '7', '0', '0', 0, '$2y$10$wa5VWWCGYDc9b3.D2v71SuOO4.Kp1xbtiweLuZiQngDM4fsVpGJOG', '_(A0GqEW#Q\\9J-#s'),
(94, 'bMorissette', 'lWilkinson@example.net', '6109317248', 10, '20', '0', '0', 0, '$2y$10$YnGipKB3sX.mPDfoEInqw.48phlmDhiCb0WuLF.YCj5UcNsIG7VO2', '''!^&aXOglW'),
(95, 'Green.Jordan', 'jQuigley@example.org', '0421999838', 5, '35', '0', '0', 0, '$2y$10$WWhFv2ydGJAKx2CJwNYlzOn0LGXJhak0ellIhza3efQXiLwFJACSi', 'oX{B.#h#D'),
(96, 'Verona48', 'Prudence97@example.net', '7344378460', 6, '35', '0', '0', 0, '$2y$10$kFLIemnDbGMCe8skDQLFkuus27oo5U1uXaJ0WCRHBdxfGz0/K.Ku6', 'wKR%r1%''D'),
(97, 'Earlene64', 'Schumm.Zachary@example.org', '0166909744', 6, '25', '0', '0', 0, '$2y$10$YN.coWvyquDAvebIidpVCuxH1LP4Se.94bxtszdJ9CJgpR/FiJcgq', 'tJShVWv@ga<'),
(98, 'sHowell', 'Koby27@example.net', '1048472475', 7, '12', '1', '0', 0, '$2y$10$VVcSXn992sMIS7lA8QznUO5MaOZvmSug3MXvD.wISq8eoC52p1b8.', '^cthR#.z3d"'),
(99, 'Farrell.Brock', 'gDibbert@example.org', '7837196426', 10, '4', '0', '0', 0, '$2y$10$IHf4CXA6zJRiBRGQ5sqZOepnRrCiRk6xwDEu3ZipC82Xq1DFNnd3K', '_xIoz&H_%up'),
(100, 'zBradtke', 'Callie.Marvin@example.com', '4409852784', 6, '10', '0', '0', 0, '$2y$10$z1wt3hBQkk8qYQYEZcDpCeue/M7sLskhIfmxFkxY5jal1N8q79DP.', '\\GqY/m*'),
(101, 'Margarete16', 'Jany20@example.net', '2634682593', 6, '9', '0', '0', 0, '$2y$10$ldp4Ve5bWboy8NO1MQ3cJ.LjYllTB5v9y.pQ48SqjeBsaIhJ2nJ3.', '/NCq<rHvRD'),
(102, 'Beer.Mercedes', 'Shanna25@example.org', '6591475302', 10, '5', '0', '0', 0, '$2y$10$xHOXag8YdtdIY.7JaoazBuez9cnmCxydQRBjj6x00LMFEJlti6heS', '6UxgByPO2_'),
(103, 'Yasmine75', 'Justine.Sipes@example.org', '9719163829', 10, '14', '0', '0', 0, '$2y$10$K4NxvyqK3r/kB1YuiBcybOx.Bxei.dCHlpKH/IcuYd/3eti35mMGG', '<Ssc.2;xo'),
(104, 'Karianne59', 'Batz.Madelynn@example.net', '2400577231', 2, '40', '0', '0', 0, '$2y$10$am6a4EMJl96vNlxDQHnHc.9VOKCEqO93hnnxXUHb3a3G2qFC4Zd9K', 'QH+,S0cc>oH3O:UG<+H'),
(105, 'Wanda.Bode', 'Talon.Ebert@example.com', '9405931488', 5, '4', '0', '0', 0, '$2y$10$sNpuQlxYUI6El0e7JKF5k.sE8Cbrxo1oJBxNBuOQPDC6POkeyZ3Sy', 'tzOl$:#39nY6'),
(106, 'nRobel', 'kCrona@example.net', '1994566034', 9, '1', '0', '0', 0, '$2y$10$eCdv0MDpvsaYbiqY2/56ve61ZUh.kKwYKjU/C9uwYXlW1CQi3.Axm', '?BbB#H'),
(107, 'bJacobson', 'Miracle.Mayert@example.net', '9689123989', 7, '22', '0', '0', 0, '$2y$10$ofoOSWa.2g/Cm6wyFAYZAeoeULO9nRaSD9dwP9MJGTSsqYOfyYfNy', 'J.C+Hqx(>$cli'),
(108, 'hSchultz', 'Jaleel.Brekke@example.net', '2188344415', 2, '38', '0', '0', 0, '$2y$10$kHJy5PwxyoPg.fO1Lrbsj.KSQqE5oujBebw6hkGnltXCzxMDvoH1O', 'oGhs&E{3Ff6`buj^X'),
(109, 'nLangosh', 'Polly08@example.com', '6389852062', 8, '21', '0', '0', 0, '$2y$10$KHeffuEz9rSjFudDQZ6am.9O/UKm5lkpYMHMFi/g5HIoUab/dwbe2', 'eR6f^C\\Yx!/;l!oJV'),
(110, 'Klein.Lonie', 'Elissa18@example.com', '7378531586', 9, '25', '0', '0', 0, '$2y$10$KHYRH3ZBXU196F3Ay/TKUeWsiFGvJG7yA0qAWw/0wteJDBcc4JE5C', 'v9wFzTPDcF+GK'),
(111, 'Neva95', 'Stan.Bogisich@example.com', '2781481983', 5, '8', '0', '0', 0, '$2y$10$LDjkdFlUlMiWmyOjBYzVReIThR3BN2vtM3NPWDRGQlHN9UOLCRYaC', '9&5uGo$Ow%s~`sguE!'),
(112, 'Alvera.White', 'Rohan.Eryn@example.com', '1459383482', 10, '2', '0', '0', 0, '$2y$10$8oLDeNSTVe709.mZTxQit.syZj9bXhP6jr.LaeWsoqtQR90UYZu9K', '"ak8[+'),
(113, 'pMann', 'Jones.Frederick@example.net', '0436635529', 7, '35', '0', '0', 0, '$2y$10$LNWUtpXNJfoJ/SNVUXPf6OhtVfwZ8UcUM4X8Wkd3HhCJiCl8Mv56m', '^aFix0ITDedIu'),
(114, 'Xavier64', 'Simonis.Kasandra@example.net', '1296431864', 7, '14', '0', '0', 0, '$2y$10$Uj3202hZalIuQsv.esVsLuZHhlbig5PD.0OBjuKT2sqRmgMRAZnJ2', '26RltH`}RF]`%xe"q@'),
(115, 'iSchulist', 'Darrel.Goodwin@example.net', '5137764159', 6, '39', '0', '0', 0, '$2y$10$OqAljQ3fzEjZQmPfPnlPT.ChDXU9BRGBc3OkjczcQWX5AWJB/h1FS', 'fVjF/vf%8;k;-UH'),
(116, 'Ewell.Keeling', 'Kyra02@example.org', '2900776219', 3, '23', '0', '0', 0, '$2y$10$EJ7s/R0FcZkn4IeaAxPAa.QExauyX4qVt/dbBdD2prLI1wDR.txSm', 'cdu]~mG'),
(117, 'Lesch.Tracey', 'sDenesik@example.com', '1814224425', 7, '39', '0', '0', 0, '$2y$10$jeD4IgOy1ZCW2eBS149CneBGgaaQLKO9b2Z0YiZjuuZrmgKAvqdhK', '+uR"vYUb4yz'),
(118, 'aBeier', 'wRobel@example.com', '5337504066', 7, '15', '0', '0', 0, '$2y$10$wQBzx/Q4YsO5CeyTVnSZy.JLw30LTymgJ5rdUzYINdKDedPXhfN8W', 'Pn"+q+[ty.G8'),
(119, 'fWard', 'Bauch.Monica@example.org', '2148265740', 9, '30', '0', '0', 0, '$2y$10$eQC9w9LM/9bOI16ZXoyy4ewqBcezUrhhd2ecUqv113A9KcGbivQ0O', 'augG#at]B'),
(120, 'Dedrick.Gerhold', 'Grady.Prosacco@example.org', '1987478986', 6, '38', '0', '0', 0, '$2y$10$BG0pKsO/y3Zubz/9jghpMO8/M.lBsq0XoTgIjnYhZfjW./1EZblQu', 'kfDVp5]Mn'),
(121, 'Carissa.Grimes', 'Alyce76@example.net', '3806145206', 1, '39', '0', '0', 0, '$2y$10$AvPzKkF0dj..TgyfWrIwB./Q2Iz6ou1FnHPVcHa0VU5nbHpdZv.82', 'oRT=7#t[Ci8A[TtjY2;'''),
(122, 'wPollich', 'Carlee36@example.com', '4194917863', 5, '18', '0', '0', 0, '$2y$10$Jd6jKI5avxSRSelQr9sB.uTx8UFRfi0YUryTqX4N6OyLAc4IHBTN2', 'Z\\"j9U!OG'),
(123, 'vLind', 'Karli.Kohler@example.net', '1836073779', 5, '22', '0', '0', 0, '$2y$10$6Dpq7DVGZDdCx2ESNyC61ONuYIQSTHfRwzQITc1yUs6yVagatj49G', 'xrlAf0>w=tB?'),
(124, 'Thompson.Priscilla', 'Cleve.Cormier@example.net', '9737072722', 5, '8', '0', '0', 0, '$2y$10$Jn/32PI0j6uGYim1FOW/1eiBrp3EIb.5m9F3z3LMxD8TRSHYBD9GG', '^~4<$(npX'),
(125, 'Eugenia51', 'Kimberly40@example.net', '2307179077', 5, '32', '0', '0', 0, '$2y$10$ZNIy2aX8yXpqeaB./T.EneRrBcWH07PisW0o.YPl4UUIO0hbj/xpu', 'FE8O:am\\:-=o+pGH'),
(126, 'Alf.McCullough', 'Breitenberg.Joyce@example.org', '8208357494', 5, '29', '0', '0', 0, '$2y$10$ypyh/MQ.mxFCtVWtM5FyoO.y.p2iyQOSveEkvRxJc75TsktoZki9K', '~mdOsY}G'),
(127, 'Evan58', 'Kris.Yvette@example.org', '0866381169', 7, '9', '0', '0', 0, '$2y$10$y7cGEWTZ0t9jlCISFnDki.kJrcAj20/TT3hiF7658XlXXJ38wm6aK', 'ETj1;~$w~%n4''rWV0TTb'),
(128, 'Bogan.Talon', 'nDach@example.org', '9414928068', 4, '35', '0', '0', 0, '$2y$10$Fs2GcJvo4KxwJ.AdRno1LO9BbNpXEjyq.QL1hI93SfQqbmeiaG8xe', 'e"+}#z1I[lj9?ly7'),
(129, 'Christ.Wolf', 'Aniyah57@example.net', '1538288175', 6, '36', '1', '0', 0, '$2y$10$awtvWPBqN1JJ7LPGgJE.JOjDqjhsjaUpTlnWgtooxnTK6HqzTwER6', 'u`uAYySW{e'),
(130, 'Stacy.Hyatt', 'oKihn@example.org', '9043345275', 5, '18', '0', '0', 0, '$2y$10$Tpo7FHjqIkiewSjcA7LqDue.PFZRmmyY27rHsCj1xeIW/905XdM/a', 'Z40~''OT'),
(131, 'bMann', 'hHoeger@example.net', '2915771072', 1, '1', '0', '0', 0, '$2y$10$mSR7mHOKl.X32rR9mC5giOyIbb9e.MHNC3wMgWLXXtb0HF1lmC2ae', 'Fi79h+m(RI!TQ]?'),
(132, 'wBednar', 'Ryley62@example.net', '9293729331', 3, '26', '0', '0', 0, '$2y$10$FDMAjXOrLwB1KrsjlOnhK.PqoH9c8ZEivtK0ZKvUYshGuoo3NNT0y', 'a"F~dL6Ny8mP)'),
(133, 'Feest.Maybell', 'iSchinner@example.org', '7595986088', 1, '32', '0', '0', 0, '$2y$10$dg5.KokyjCuFtO4I/qd7Q.rbFmeJab6JyrDaM.Su7yUdqRl8o3x72', 'Dt#vcp%'),
(134, 'kMiller', 'Medhurst.Margaret@example.org', '7887444850', 8, '16', '0', '0', 0, '$2y$10$Y1lsQkyD0Qb45WPIxwW.ue.8lKPZ9c.IP0qaWwbOfzS12LkBCPqJW', 'a.A-Q/NL(.S'),
(135, 'Arnaldo34', 'vDibbert@example.net', '1284494371', 8, '40', '0', '0', 0, '$2y$10$.LUG9YYlzutzwQQ6Q4BOEehlhJan9LesdY6Y0JUZOvHnsCKpDpq5K', '"YNJ(yK!]A'),
(136, 'Reginald43', 'gWitting@example.org', '6371850264', 6, '15', '0', '0', 0, '$2y$10$Q70zBfWP4wDaib9vKi9ECump8jSbHKiwH9kdMrbtxKFvlyWxOZfES', 'KxQ#E~)'),
(137, 'Batz.Agustina', 'Corwin.Reyes@example.org', '4014793878', 10, '19', '0', '0', 0, '$2y$10$oMUqYhV3ha22MmQr3Tn7jug/oIAJ9WdVDHXc10ZPsvqpARyYI8jze', '3VIjopb{q'),
(138, 'Kassandra67', 'Jordane55@example.org', '1768670694', 7, '1', '0', '0', 0, '$2y$10$1yNe1DVvmekt4OsLjB7VN.do.SL20jnSMly1ANEbL6Vv7YDVRClaW', '\\Xu"eN'),
(139, 'Frederick.Hintz', 'xBayer@example.org', '9028532828', 2, '18', '0', '0', 0, '$2y$10$kt8h6sjYLZ6NsEkfUnjMruGwytcbbYXBW6e4V931lw1jywZ1I49Ye', 'wYzYCS'),
(140, 'Jaquan73', 'zZboncak@example.org', '2757730019', 7, '25', '0', '0', 0, '$2y$10$r4d.cO//A.DeejWE8cTJFO.fjAap.0lthkgKGXFmAFc5HBsBdes52', '?7R?z''e'),
(141, 'Nigel.Mueller', 'pBailey@example.net', '8169681387', 9, '16', '0', '0', 0, '$2y$10$hlWVbIUJYj3eETUB1Ts.QOQ9hpocnXBdVhzDtzT/EFpEkzQ.Jl/FK', '0amZ0Gq@G55A'),
(142, 'Angelina.Franecki', 'Beulah29@example.net', '3062336730', 5, '32', '1', '0', 0, '$2y$10$jCEmMauOyfPTCoERyK490.NToE8TAm3P91XrbBuaCw1cGfmocKYSi', 'UrqH]6"pu+:'),
(143, 'oFisher', 'Makayla.Marquardt@example.org', '3723411392', 8, '3', '0', '0', 0, '$2y$10$.KJM7YIBuMeY8vHynhzvke2UXM5urLfeFg8aF0Il9JxGWiD3U8iIS', 'Ee9Q!^A?'),
(144, 'Glover.Mittie', 'gCrooks@example.org', '3901043835', 6, '36', '0', '0', 0, '$2y$10$/XLllu7DAf1KQLyXJyKPC.J1bbjqdDrdfzL3WM33yA/dUtZppRAci', 'yIZe;J<E_14aJ#*'),
(145, 'Jadon39', 'Arielle92@example.com', '9701624762', 5, '31', '0', '0', 0, '$2y$10$9Ub1JlNt6qckHJqxA0iWtuys7oDr6SEe8FQ912UWy78f7n5GyU.62', '%U)~7zK>Y=/{Ce}<0or'),
(146, 'mZiemann', 'Fabiola12@example.com', '9148438839', 9, '36', '0', '0', 0, '$2y$10$a5Cv4SZe6.mTyyEVgZBJyenvw7DQU6roL2w6eCOBkNidMXS1PC5PG', 'g87Yr#F)]55{&_j'),
(147, 'Margarete67', 'Hamill.Clotilde@example.org', '3166544375', 6, '37', '0', '0', 0, '$2y$10$rkJRkmGS.q45/UgfT8nDne7Wu/JCYeuT6lEjpzMalkjC11LqHwbqW', 'D.%rxY_t'),
(148, 'Larson.Jaylon', 'Geovany.Huel@example.net', '9647252912', 3, '38', '0', '0', 0, '$2y$10$v4Wu59YwGMe/dL7thfEk6uKGUEJyKpkNDQDfWMjqUAkXO/Qacij.y', '.P;7#k2la)\\rE'),
(149, 'Rempel.Athena', 'oHilll@example.net', '5642587548', 6, '26', '0', '0', 0, '$2y$10$v2hiUAbvVQr9/JaYmpdNTuZLToeEK0ULr6Oef8GZbjCXjtcKDo6Iy', 'h8rTYu72o=e"'),
(150, 'Rutherford.Bradly', 'Shakira.Robel@example.com', '5749115245', 10, '21', '1', '0', 0, '$2y$10$g0kgRyt0.Hsv46pS4QqP5OIKzQvhFR1HPAotXWBGOPwCirPc9vn26', ',IMn<C\\~2xk');

--
-- Constraints for dumped tables
--

--
-- Constraints for table `orders`
--
ALTER TABLE `orders`
  ADD CONSTRAINT `fk_orders_groups1` FOREIGN KEY (`groups_id`) REFERENCES `groups` (`id`) ON DELETE NO ACTION ON UPDATE NO ACTION;

--
-- Constraints for table `users`
--
ALTER TABLE `users`
  ADD CONSTRAINT `fk_users_companies` FOREIGN KEY (`company_id`) REFERENCES `companies` (`id`) ON DELETE NO ACTION ON UPDATE NO ACTION;
SET FOREIGN_KEY_CHECKS=1;

/*!40101 SET CHARACTER_SET_CLIENT=@OLD_CHARACTER_SET_CLIENT */;
/*!40101 SET CHARACTER_SET_RESULTS=@OLD_CHARACTER_SET_RESULTS */;
/*!40101 SET COLLATION_CONNECTION=@OLD_COLLATION_CONNECTION */;
